Ciphertext,Algorithm
(3->J?U%)6FIL!(^T5%8/^TER<?)EL/&@NO!PM3(XG27Q<+J/HT-?WQ=V(73S,Grandpré
)WG7C=7M)#=2(UCK=3Y&B>EL_(K7B8=2_P9XG4^TYU/<S7O6RR#4X8@7+M^^O>GEP)5K8E>RVQ+Y)OR*AK9CZLBH87,Grandpré
IJJHLIIIBILJJHACCAIJHAABABJBICCJHKHJIKKJKBCACHBAHLHBCICCKBKLBBLBHJLIICKBBJCBJHHLAKJCJKICBJIBJCKHCJKLKKIKCJBIHKKCILHKCAIIAKCICBBHAKJJBAAAHABKBHIHAAIHKKICLJHCCKLIHAIJKKKJJJAAKKKCJCLIJJCCIC,Fractionated Morse
KIKKKHLHBICKBJIIBIHLBKIAHIKKLBAJBHIHAIHBAJBCKIABIBBKCJLLHJCLIJKCKBJBIAIBHHJCLHAAICAIBCBCIBBAKBALHHIHHACCBACKHJJBAKHHKBCHCLICBHHACHHBLHHHHICAKAIABACKIHHACKKBJCICJ,Fractionated Morse
CCBKBAHCHCIJHLABABABKLAHBACKIJACBKACBJLCHIIKCJALIJAHLALBIJCBAICIAJBHKAJCJBCAHIIBKALLJLAHHAHIJIKJHKJAKKJJAKJICKAHLCIAHAHKK,Fractionated Morse
0VC!KPD5SP%V6&@@B)_&2%N*Q3>U?@(N(_EWE<2_*8UCZT&4=V/1)R06-RKD#GHPY?X&46UAQ_O5<=YU4R%WQ_D6,Grandpré
75W!7*KVK03*5GAV(%P)2HO%^H_(_)((094NOUHJ+XNFWP0O6!4U)2L&H)MXBDH>>4L#!/2R8A-<F76K$G9<$WS2)#OK80BEI6,Grandpré
LIJKLLCLABKLAKIBAAHLICJCACJBKBAJLJJKJKHCJBCKKBIHKJICALKBJJKKBBKBBHLCIKJKBAAIIILIIKJIIIKJIIJJLIALCAACBKACCCJKKBLHHJKJABKCJAAKHJJJKLKJJHBAAIHKKHHKKLBBBKLIIBJIBAKKAAIHKAKLAJLCHBHJ,Fractionated Morse
(WAR&%U@D77BHRE-)5FOF<Y%N6G>GG-IA+5FX+*ANNNYP?349K2QZ^!308)O*A<^0SVN5ATI6AK,Grandpré
IJBHCKHIAKKBAIBLLIBLLAIJICAACLHJBKBJKJIACAAIBCKLJHBBIBJACIBBAIIJHCLJHHAAHJJHKIBBKJHLLLCCIHKHLIBCIKLKBKKKBCJJCCCCAKICHAJBJKBJHBKLKKCBHKBABHBIILCCKJBKACJHCLA,Fractionated Morse
CBAJBABCAJLBABLCKKAICJACLIHCALACAIIJJCLABHCKBCACJLKHCBCABJHKBIBIKHCBCICHLAHHAAAHBAIHKKACBKBHJCCHAIHAJCIACBJIKIJBKLAHBBHKAACAIKJBIIACHKIIJC,Fractionated Morse
6$$>>R4!U)F?AGW2ONDR2@PPGOY28+=#R5X852ELL4<VU?KV=ATYG<ODUYXZUW<?(6-Q2(/)?7,Grandpré
AHLHAALBJBCKKABILCKLHAAAJABIHLHJJALCHAJKJHLBKHCIJCJAAHHIILIKLHAAJHLICBKKCBBBIICIJCKHCIJJHJHKCJBBAJAJJBABLLKILCIACJJJCAHJABCKKHHIJCHBJCCILJIIKBJLJKLACIAIIJKIHLCJBIKJAKHA,Fractionated Morse
KIHJIKHKBBAAKIBKJALHJHBAKJKLLLKAJLKKAHHIKABCIIBHHKIBKCABLLCCAHIJBCCCHAJCHKCJHAHKAAIIBIKKACKCCAJKBIBIAKAHCJKKAKHHHLIICCALJHBIJHLIKJCLJALJACCJHAIIALKJBCJAJHJHJIHIJCILHLHBHLALKKCALKLAKKHBABA,Fractionated Morse
-44KFKRU8V-X<T7(-X(9^-Z2E60%WZ*)N^*/%JCG&<VY<OV3<14B(LM8X=L+J0N-!9$ENM075ZXX<(A@BK&81,Grandpré
()GA832?+9ROCB^JGT!<=>*Q-A4X<+K?EWQ+U$<DIDO(VRN@ZN*ZZ*J*^6/T!T0O6,Grandpré
JHJLKBHHLHCBJHCJLJKAHJIACBHCACLBJKKLHBJHKKKHBIALIHAAACKKCAACCCACKJLALBHCIKLCKLHAJACJKBKCHHAJAJCJAJIKKCBCLLBILHJLBIIHJJIJBLACLBHBLKCBCJLKHICABCIHJLBHCCJKJCACCBJACACLBLAKKAAIIBJAICHHCIHKLBAKJ,Fractionated Morse
AAKIAJHLAKIBABHHIJAJHHBJJJJHJHHLKLIHKHIIHIKLCCICIBBJJKJBIJLCJJAHHCIIBIHHIAJJAHCACHIKAHIJJBLABIIAIKLHBCBIIBCJKACABHHBJBKCIAHJBIICJALBJCLBJKCHBAAILAJBCJBHLIBJAJCAAJJBHI,Fractionated Morse
JHABICIAIAABKABCBCABKHKJALAILAICBJBHKHCKCCKKBHLHLKLBCCAAJAJCAHICJBIBIAALIICKALAKACBKAKBCKCBJAAHAJACCJAJJCCALCBKIABHJHJHAHBJAILIKKKIIJIJBCCBKKKAICICJ,Fractionated Morse
T$X=!T$TD9!&)E/^F7+^(8S73CZY*MW&QY&CFI70H7^AT9OT>1XK/>_S6GBHGKWH>CPKT63V=/!DKQL_(H-54GVW,Grandpré
/&_F3#A5!<*5WBM^LZHL7ERG@P<1#OH9%??R#8=ZW2>G)BU6QJYKO,Grandpré
ICJHIIBJJAJHKCLCIAJALACJBAJACBKLACCKCLIIJHLAIIIHJCACCCAJJIHLAHHHHLKBHALIIBJCAICLKAHJAHCAJLCBACBILIIKBJIBCACHAJCBHHLJBJCJLKLALABKKHKIIHJJKCCBCBBKCIICICICKJBJBJBCKKJCHJAAIKBJKHHKIAKKBCKJIBHJCABHCAJ,Fractionated Morse
%H+N#!O<&GTW=2TI<YYWDZW9NI#KCH3J9*><D2__<G*#9@EN(N7>>>+F7JD?LNH#KSHL9AO4U-A%T$<J=JDHBR,Grandpré
KILHIKJAJAHBLIICHHAHKJJBHAKABKCJABAACCBKAHKAHBCCHBCKHJBAAAAIBBAICKLHKLKAACHAJIAKAIHAJICKIIACLLLIKAKIBHJHBLAAKKIJBAKAHAKAHJABCACJJJCILKHACHKLBKLAHLCCKCKIJHACCBCALIKHJAJLKCKBABJJJBIACJLCACAL,Fractionated Morse
O42ISWBTCNXEHVD7WBZ@?3OL!)!=?ABX@14=K@8O8C%QX6*LRU0_AK%!UZW,Grandpré
IAIICJKKLKKAIJLJLBIIHIIKHJLAKACHKJJAIHBHJJJJJIHBCAKAABHAJBIHLHAKHAKCLCCKJBIHAHKAIIJBKLBACLHHHBBCALBHKCBJLIJKBLIKIKJCCAJCBABA,Fractionated Morse
U^580CRRE044+T?FW+&J3$ZUXHG2Y)8&>_DK0_XOS=<U/T#@X-!H?&,Grandpré
0KO8DU<EL_Y>^!+!7NHJ2*T%5!7UH*I-@<-J0Q<F>O/(^%J436A>@0(82F^<<S0(O&6/NMLHHAQ)B_6FJ_DDOX,Grandpré
CJBLIJAHCHBABIHHKCBHJBCIBKJCACCCIKCKCACLBIAACKKBCJACAKCLKJIIHIHLBIHKKLCLHKBHJAACCKBAJHAIAKHCCHBKKKLKBAJKCLCBHHALJIKLKABLJKCCIHHAIBKLHKLJHIJKIHBALHAHHIHBBHIKIK,Fractionated Morse
IAALIAHHJKALIBBIBAJICJLLAHKILIJJIJICILIBJHAHBLKKHJKILABHCHIILKBLAKKHIHHKJJAJLBKJAKILCLAKJHJBHCLALCLJHHJIIKACAJHACIJABJKLCBJIJCJBCLBJBIIKKAJAHJCIAAKIALJLKLALIAJIIKILCBBA,Fractionated Morse
HALICLHHIBHBJLLIABAALHABCLJJKIAKALAJHCIIKJABCKLIKCHLLIJAKIBCLKHBILAHJIHHCICCBACJCHKCBLIAHBJHCCKICBICJBBJLJCHBIBABHHBIJBIIHHHIJHHAHIBBAKAJLHIBKBJJJ,Fractionated Morse
_P9#*+XK$?BL!W&-)K_B<DY+AQ+=>HW0!CG95)?7)5K>OXX90VP6RBUB$43=ZG)(C?!74D-O+,Grandpré
-HXH$&J@C63IN1ZKMRNKSOU^WIT)9NQ*IV!N956?!D*(RL2GTKCIP!R6LP0RB?KM/,Grandpré
6H<SU1L1JI4+P%U$OF^^>0YS*9R(R#Q=)V5G/#0&G-5=X<&#WK&4N6V6_)GQ/0330U@BVEK7C)@OFRX!Q?8P6RSP5*),Grandpré
HHJLIKKKJABBIBBHJBCAAJCIICCAJJACLLBIIACCIKIKCKLKCAIALCBJJAJBHBIJKBAJAHHABBAAIAKHCAKJHHIKHKBJACKJJIAKIHLBAICBHBKAKHJIJLC,Fractionated Morse
KBHHALLICBAJKHJHCJAAHHCHLICBLIIIHHHIBHJBIBBIABAIBHIBLJAHABJLBCBCKACKCAAAKAJHBCAICCKLBBIBAJJCCHIKBLICAJIBCBLBBJCHJBKKBAJIHIAIABCAABAJHHJLCBHJJIAHKCABBBCLIIJBLKBAAKAJILBAIKJBKHKKJBBCIHJJ,Fractionated Morse
D!GECT9JXXT+F0?2+6ND144)8@4$79S?LYZ?12QK<6LQ!*G+9KT$<=J)&54(8OK0JD@P2<,Grandpré
IKLLAKJIIKAJHBKCCBIIJIBBBCHBKKLAHACHHJIICBJALBAJCJCBJBIAHBLBJJCKKIAJAKCCKAAICCCLHCBCJKCKLJBKHIBAAIAKKKAKALCHHIABIIKCJABACCJBBHCACKIAJ,Fractionated Morse
HAJJIHAJBHBLCCBKBHJLBABIHLCICBCKICKLIAACKHHHHHACCACJIBIJJCAJKKLJABAAJAHAJCAJAJICAKKKBHJAKHJBBBHIIJAAHBAKAJKLCIKAJHIJCLAIJHKCICKBKJAICIJCLKJLABKKHCLJ,Fractionated Morse
IACJALIJAIIBBALBJICABALIBIAJLHAHHJAALLIICHAIAJAHBHKCAJHKJJKCKIKBLHAACHIJIKBKKBBLHBBHKCBJJLHHJLBKHJLCLICCBIBBJHCBCKAHJCCBCCKLBCJBKCHJJLAAJJIJJBIKIKHHJJLIIH,Fractionated Morse
IKKLLBCJCKHHAKCBJBBCAACAKJLBJCKBHJKLJAKCABAJKAICJKAAABJAHBKLCAKHKKKCLBJBHCBCAICJKCCBBBJBKJHCAHCCJIJJLCLCHJKCLAKLBHKCHIHIKLBAILLJAHICKBHHBBBKHKHLHHKCLAALAHBHABJCCBJBJCHAICLAHLCBAHA,Fractionated Morse
499JXOQ7^K?NU-<HTU*/<2PB&AD_#GRD->)FS+<XVAC5J(UVN)BX#6HKQ*&^K?SDU+G3=D$G(F^J>Y,Grandpré
JBKBBCJKCKLAIHABALKBBCLJCJKBIKACIHLBALJACHJKIIIBAAHCHBKKIBHICIHKCHKJAIBCLCCIAIACIHKACAAKAACHHIBKBLBKIACALJIIJIAJCHCKIAJAKJK,Fractionated Morse
@%@A6C9KLD5H%H25@>$P_HD@GEWN32<*(N=XVNYJR6F5U339X_RX$@%9>>^*FHTRTE/D*HRM&U,Grandpré
A)K/#HW9=S_QFOR!6B0VQYEAG&8V03!S^$*EWMSOS$M*N+=34R#G<-00J>$TJLGT+O9)LFY@%C&_W^BS-M,Grandpré
KJCKLCKJJBCJJBJCCBJJKHACAKHHJJHAJLIALABCICLHACCLAALJABLJBBLHCIAHKJJLJBJBJCJLJJHKCCKKBHAJLLKHBJCCCBHKBCCAJKJCKICKLJBCIHJJ,Fractionated Morse
I4YI9=07Z2J?L+8F2I!)Z/7PUIK0>&NM#LDQA9)VC<7WA-YPK5><^O0-I(^^_YS(F&1XJ&CGZHGTX9,Grandpré
=@Y1CM&HYC/(B-<1V?2!5&O8OQF4%KC7/L!&)3(Q6?EXE(#HKOT>#*=7)SX,Grandpré
KKHALKLHBHKLALACHHABKHCAKJACLKIHHHBHHJKIABBKICCAIAJLIAKKKHIHHBHKIAIHJJBCCHJJLJHBLAHIKKCHBLHBBACBCAJJBJHJBAJCACIBKHIABBAKCLCJIKCJAJKLAIHAABAAHLKCABIKCHLCLAJBCJKIBHLBLBJKJKKJAJLHKCCJKACIJJCKBKJLAACCLKHKLBBBA,Fractionated Morse
C^C(2*PS%>PDMB#F<5D74Y1O=!Y&=N3W>@>-34R!<UC<*=BM+T4&%>,Grandpré
^VHTHT8V)&ENIY2&()UVW65GHC7QF>4D><?/^^RZ+%/T?G<T+TH(4IQB0K,Grandpré
U<TZUTKYHMI39>45G)KJO&7!VQFI-WQ=8J8C879<I/TV((N9VPH9757&EAO,Grandpré
RQGD4BG4>GBIRLCD-5&EYY%_!Q2CE#O^DZMWJ+K=!*3%PJ)VH?IO54X+!TK-TN>Z9WNU#>-4E_5!W,Grandpré
IKKIHLAILAKKLCAHIILJJCAJBABLHCALBHLHHJLBIILKIABBKCCIKCLIABACIALKCLHJJBBHKHHHLBAICAHJHJIJJICHIAAAABJBHBAIHALABA,Fractionated Morse
TTA-$+)_FMLJKIQK8B2Q0*>V3R)OW%6HN<QP&BV$*)^8%TX_^F!^D&2PGR!UGF(LZ7XQ_W9!@GK428Z2/87DG!GFH3V,Grandpré
7H?GRG)F+G@X_-0@NK=YTSVHH%@1GZ<AQVR&FZ/%J?1N6+$+)$)XEJ&14JYYU@*D,Grandpré
JJCBCHIHALLKBKCIJAAIIBALKAHHCLBKCCKIHKCLCHJJIKCAIIBIAJJAKCALKHCLHHCJBAHHCAILCHALHJKKCABHAIBHKHCJLIBCCAIIKCBCABBCHJBJBCHJCHICJCKLLCAJLCICBAIBHHJKAJJBIHABLCKBJHCKIAALKBLAHLABAIBKLCJJCIJJJJIICBCJIHKBA,Fractionated Morse
)<5@)HT!N1_/Y*5<$P!@BWUX(A/K0L^?#>LBTUXCSCX>ODBVRW)?5T2+$9G<FN2@))B?>1OX#)N48=<G8BUAH5>QO,Grandpré
IJKIBAIAHKACLIJABKIBBHIACCHHCKCIACLHHCBJAHCJIICCHHHCJCAAAKAIBCJLIAIAIBLCHBBACJJCABKHHHLCLKLALCBKAHCAICLLAJICHJCCAJAJCBIIAKAAIKKA,Fractionated Morse
HJBBIAACAKIJLHILIAKAHABIKLACHKAHCAHHCJCIJJILHJHIJLCKAJCIIHBJLBHBJCKLKAACKHAHLKIICIHBAHAHHBBJLKKABBKHBCHKJIKJAKJHHIAHLAJIBCJJCJBCACJIJCIBHBIBIBCCCJJKJLICKIIBBKLKKACJJIBJ,Fractionated Morse
BBJBCKHKHKKIBKLIKJIIAHBJCKCCKBIBJHHLBLICAJJJIBKCICIIIIAICKJKBHLJIHKJLHIAJKJKBAJJJAHIAIBCABLJIJKCIHAIICCHALABLKCJAHLBAAHHHLKAKCHBCCCIHLCCKJAJCLLCCAKHJHICALIAAHAJAKJKKAIAKBCLBCBBKIAC,Fractionated Morse
HCHBBACAHKAHBLCCHBJBBBBIIBLKCKALACABCBBHLKKKBBHIKAHKLJIJCHHIKKBALIBLHBIJHHHBACCBJIAJBHHCJHJICLIIIIHACCJBBKBHAHAHHAJIHJJLKICJABHKKJBIHCIJCJJAHBABKAHHKKJLALAJKBCLJIHLBHLBKCBBIABBBLHHIBICBKBJCCAB,Fractionated Morse
-IS7_*>*)@M&JD?XO@H=6O7H=99_+*TB^&YUX>1+J/#HS/?7/BASDAH)!2Y8YC9_V#WO3P7@HJODYK4*YGITOOWXG,Grandpré
HHHKABAJBKHCBBLCBCJBKBJIAHBKHJAKJCLBAACBAJIJAKKKCLALABLJAHJKLBHIJJJCIJHLKCJKHBAAKIJCKJCBIHCKLABLHAHIBHHHIJCAAIIBJBIHABJCILHHJIHAJIAIJJLJIBHICCJIHBILCABCKBLCKIAICBHKHLCLCKC,Fractionated Morse
ICJCIBLABKAAHCIHLABJHHCJLBBHCACLAHACCALJJHIBBHHKHHJHKIJBAKJBBCABLHJICCAIACAKIBIJBAJJBAKABCIAJHKLBBJKJBAABBALAHJAKJAAAAKHBBICHLIKAJJKHHAIAHIHIKKHKALAHBCCKBCBJAAKHBKCJKIJICIJBCACLLCILKLHIBHLBHJKABHHBKHLIJ,Fractionated Morse
CIKJLIBHLCJLLBILHKAKJAJCHLICCAKCCIJJHLBABBHCHBAJHHHAKHHICCCCHHICIIBCHJACCHBLCBAKICKLHAAICBJKKLJAABAIKIIABJKIAAA,Fractionated Morse
G77P&OG(F!0-(!<?JXWA_D!<SNG(CWA(6E^7#NK%X7FJNCJI2*DH3A&^HLBAH?O,Grandpré
IHBBJCBKLHJJJBIBIKBCBHAHBKAICHIABILCBKJBCJBCIACCJJBBHLJABAHHCCLCJICJHAKHAACCBHALLBIIICCKCJJBJHBLAJIBHJJIAHABHLIJCIAHJBBJJAAKKHAIICBILJBKCJAAKLIAHIILJAKKKCJHHJKHBICIHCKHJCHABABBIKJAAHLAJAJLJHJ,Fractionated Morse
SN@JR*WN/8=ZH%B2*!(S/E5XSYR%W6(#4HTDEW=^B!7<+<T$0O=KOIGI&!^O-R5(<B*<XV,Grandpré
AJKHHIHBAHLIIAAKAKBCBKCLCLBBAKJCIKLIBHJAIHKBKBLBAJBCLBHBIJIBBBKLHIICAHICCAALBABHICKABAACCAJKLBIJKAAHIABJABCJAAABBBBAHCJCCKKIHAACJBHLABHAHKAALHBAJKBAJCLLHJJAIACHLJ,Fractionated Morse
HJIHALCBICBKAJLAKKKHBBBKCCHJCHBBCJKJKCBBJABCCBHJHIIJKACIKIABBBKCIHBKLIACJJHJKHBIACAKLIAHBBBIJABBJLKBCLIKHJJJIAAAKJBJLHKICA,Fractionated Morse
><7H(PZQJ!MM*$>HA)+ONDE7R3KC8#HRGR8HQ4DYZ&D6JU()G&M$YV4C*=K7@X6#^GFAU3HSS,Grandpré
CKKKCLJBAKBHJBKBBACKBCAJCICBKHJHIKHKJIIKJIJCAJBHBKIAACAKJAJCIIKAILBBCBIBCKCKKIJBBIJICCBKIKCACIABBKKKLJKLHKAKJCHAAKIBHAKJKIAKAJHJJHHICAIHJJICKKABBIBHBHJ,Fractionated Morse
JAAAJACKCLJIAJJBCALBCCHAHABIHKHLKKKHAAKIJJBBBBHBCALLIHICCCLCAAAAICHJBAJHCJJCKAKCKBCCCCIIHKKHKLHBHKKKKCAHHICKAIAHKJIIIHJBAJLAAIAJJCAHH,Fractionated Morse
!I5T(7Q!3V69RI%UTH/-^^*V1T7MEJ=0M(53I/MN>!)BT0J@Q6J&N8K-K#&W4@96T6V678857#44G7I+(M9,Grandpré
_SZWR68>870<Z2IO<BJK&/I35A0C!?V*WB=-/M2B$Y<TGO)88#JK4AX,Grandpré
KKIJJBBCAACBHKJJAAKILHBBABKLHAAIKBCKCJBAJHACKAJBCCLHHJKABCIACABCBCAACKCCJCHCIIAHKHAIBAJAKIBHAJIBBBBIKKKKLJJLALCCCJABBKLCICLBHLHLJLBJB,Fractionated Morse
IAJIJAJJJIJCIAKHJBIKHHABBBKBJKLBHBKBHCLICBIALCBABKILHKKAALBCCJKHHLJBJIIALHKKJCHJIJHBHBAIACAHHHCKACBAJHJKCKBJHHLCKAKACKIA,Fractionated Morse
<GHS_@)J9<Y0KTN6S+-@3=AR9W!/PX8R6E/K>G#94@)=8B773W_L36Y=ISWAW241@4_Z$26SDZX_N%&GZ@@!,Grandpré
<J6)2(E34$0%U7)G@XVX>7T6L-+GY(BLN@)7%SO&@)A7W?Z7V+ST<OA)LDI^J+^!I+L9PA+U/N!!,Grandpré
KCCKLJCJHCHHLBCLKKJCHBBJJCBAHJIIHKLAAKAICHBCJJJACCIIIIAAKACICKJAHCIIAHLAHKAHICICCHHIAJIABICBHHHJHKKLAHBBBIBKIBKLBBIBALIHBKIA,Fractionated Morse
LKJJHBHBHCHHIBIKIIKICCAKBJIHJAKALAHILKAJIHBHAHLILKCBBLHBHICHJACHLKCLAJICKBALCCICIBIJBAHKKHBICKLACCAIKJIJKHCHBHHIIJAKHHHAKLBJLABHCHIHAJA,Fractionated Morse
^S=>D1BK8$32?MVYH^GCB/17OQQ8_TW#OP9WT7ZV!P%DI96*6(>L^)I$Y/1+=><ZQ)PIO$%*D<8*P+&<%8,Grandpré
CBCCKCBCLAAAABLIHIACLHBBBJBHAAKKHLHJLAJHHKJCHKCIKIJBAIIBAHIICAILCIIICCHJJLKAAKLHJBILLBIHBJBJJCIBKJKLCJHLHLJBCCACIAKLAKCKILBJBAA,Fractionated Morse
SW?L4+4J4RL-!UK&!O*T_6@8M/K0$EGW*>0R^2H9>6BD73H2<-4(!<D6,Grandpré
BBJILHJBCJBAKCBIIJJJIACCHBLIAKIBHIIBJBHAKIJKBIBACCABBJKIHHJLBCHJAIHAJJKBJJJJJAJALHJJJJJBALCBIJCCLLJCCICAKKCLAHJKIBHAIKHHHKBA,Fractionated Morse
H@Z8G3=X9N8C+6*A4?YFH/GCL2P5A#$(/&-QFD8T6F^L2TW8&$<P<^V>G=$DSYDJAO(7$U>F$FP9V!O&VB73AB,Grandpré
BCJBACJBILJBIBKCLHICJIAJJJBAJHHAKAACILKHHCJJLIJHIJILJBAKHCCJKCAJACLJAAHHBIHIICCCCIBJJIJKLJHCKLIHHALCHIHILBICCJIBJHIJKLHCILCJKAAHBAAIAABIKBJLHCKIIHKIAIBCJKKABJLB,Fractionated Morse
JKKLBHJHJCBAKCIHBCAKLALIIIJICHJKBLAJHJJABKIAHHJLJKJJHBALILKLJJACKJCBIKJBJACIHKLBAHKJIHJBJCKCAHKIKBKAIILAKJBABCJIHKJCBBCAKKKBCHHLKBCBHJILCLHCCCJLKABCIAHCBHLBBA,Fractionated Morse
ICJJCJKJJBAAHLJLCJACCAHCBAAHAHLAKIHAJHIJHKIAKIICKBBBBHHLLHLCALCIJBIIIIJCKBAHJLAIJJKLJIKJIIJLBIHABABABKLALKKKALAAKBBJKKCBIABBAAJKIHAHHBHBBBAHCJAAIIHJ,Fractionated Morse
ACKICAJBBKHJCJKBIJJABIIJICCJBCKBLILHKIJAAKCAIIIJIJKCCLBHKCLCIIBHHCCBKBKKHHIIBABLJJHJHBHKACKJBABACKLAICHIJAHBHHKJIHHCICKHBIAICAKJJBABCCIAKBLBLKLBHLCAKLBAJJIKLBHHLCKIBKAJCBBHCAKAKHA,Fractionated Morse
KJHBCHBHIACJHIBJHCLAKIIJLHBAJCCLBJBJLLACBJKLJBBHBIHJCAIAJICCAIKBKJCBBLCBBIJAICHAJIALKIHCKKHICJHBJIBIBHKAJJABIAKHIIJKBIABBKACBCBAKAHACCBACLIKAACLJCCCHACIBHBAJJHLIBAAIBJKJ,Fractionated Morse
G!81#P&EG0UZ+9NM@YY^524!14IGO!&DL=TLJ$MND*40=ODV<?&9*M8,Grandpré
LJJBBHBJHKHJILKJLIHBCKBIJIBAJJBLAJKJKIJAJIIBBAHJKHBAKIKJCBJJHLBHBLJBHHCCLJABJBAJHCHKKJKHACLBCHAKBIKHHAHBJJBCIABHILJJABALJABBBCBCHHHKIIIJBCKBCHCJBBICIJ,Fractionated Morse
6!V(K#ULIW<DZF70QW^CW&E$A/#Y#)6TGC=JZ/30J_>25-X92*Q/,Grandpré
BJABJKBCAJLHLJBJKJKLJJCACBHIJBIAHKCCKIJAJJIJJJJKAKJLHHIJIBJABKJCJHHKBABCLILJLAKCABACHKCHHJJAJCACCLBJKABIBJCJBAHKAABIBJCBJKJKBLAAKLKJCHKHCCHCLCJJCCJBKIIICIJBLLBBKJJABLIIKHC,Fractionated Morse
LAALJHJILHKKHKHAIBHHBHJIIHCALBIJCBAAAKHJBBALAABJLKKHBLCBBLKLHHBHCIBHBKIJKBAJJAJHICAJKKJIIAIBCKBJCHLALJCCHLCHCJHACJICJAJBBHCJJLCAABKLHBLJLJJKLAJJIJCBJJACHLBJJLICHJIC,Fractionated Morse
&?T5L2(0>B3GNWN6@2=8D2%&WQ0=DAXBR7-RQF**%H0WG5^=LB?/$W?UK8-?K^,Grandpré
KBJCKIALLCJAJAABCIIBIAKAJKKBKBCLLJAIACILJIIKJCLAAHAKJABIHLLKCCJHBBJAKHKCIJBICBHCJBBCIBICCCIAAJBLJACHHBCBCHBALHBIBJHJHHBJ,Fractionated Morse
JLAAJACLLCJKBBBAKCAHHKJJJJKCCKBBACIKCCCJLBCJKACCILJKHHKCICAHHIJLAHIHAJLBCHIBCCHIBLALHAIIKJCABJCBIHLCHKIJCKCHJJCLKAJAAIIKJLIIHCBIHKCBCLIHBAJAJIKABKKJAABBHKHBCKBKCKBJACIHAJ,Fractionated Morse
IHHABALCKJAAJJABJAKHAKKCICCJLICIIBIKCBBCIABJBBABHHKJLBHHLAKJKBJLBCCCCHKJKCCBCKAJBBILCIBIAIBHAKILBIIJJAKBJLIAJHKCJHABBAJJCIHKABIICICBBBKHJAIHAAIJABCLHIKJCBCHAHBBAJLAHJ,Fractionated Morse
O^RH(7W&^FZ96MO-*2*3HGUX9Q9*H@7$>_0=#&6S@(W!LXA^/IM)230&KANKMW-5,Grandpré
7$QVB+_H=T^I0-19O=^>*$1&*+UO)KVW-Q%$<#B88L<U@?N/TT*7FM^WJ$!R6HZE>Y(R44OV,Grandpré
)0-07<8CL/E&AKZT2ZJK7%$=KVNN6D$!8UL>/9!X4NDL<200BP@*%SL%GU%8B3T8&XB(Q_4JP4=R9$<)KM)0/2A9S25G@<J,Grandpré
IHICABAKJBICAKBCCKKCICAIJABHBHHKBCIKLABJKLCBCACCAJIAKBIJKICCCKKCLJKAHBCKIALHKCAAJKBBCJKLAJBHKBHKJHIIIBJBBBHBHJCJCLBCBCABLJLHJJCLAJHAALCABCBBJJIIJAAIAJJIJCJCBLKKAIJLJ,Fractionated Morse
XTH3AA>XTB<B<-JLLG!D4846G0I!QD7R/<#77VIA%N&><(C#EH3(*-@W%J<X9OF0OG8J6E7FM1O,Grandpré
ICKKLIHJLCBLBKJJCIKJAKIBHIKABCABIJIAACHJHABHIABAABAAILIKCIILHBJBIAHAABJLIKCLHCLHKLIKHJALJBKKLAKKKJCIABJJJHHILAKLKKBLBKIIICIHJKIHHIHBHJHKAICLK,Fractionated Morse
J(9Y&<2A?/ORI2)<KUDG7+^)8#RNFR(NA-/KFJ+X49TBW!O<3A/&^<_4C8_5)Q754)<K7,Grandpré
LLBABKAABCIKAHCJHLJCACKJCICCHLKKKKKKKLCJIIABILKCLAJBHCKABIAJHCLKJIKCBCAKAHIKCJCALCLAHBCBAHJKKLLKAIJBJCLBAHCBCJIBICJBBHIHALJJLCBABIIAJCALBCICBBHBIJJKJKLKCIIAAIBKKABHCHKKIALKLAIHJHAJCKBJ,Fractionated Morse
^ETTGYW8C8F2G2M!T)>P>L=IO&E?_X@0(J!53-JW2R#6?JWL@GV/EF0Q8,Grandpré
ND%6U5QI3G7ZEK%FSHG5+AX+WL-H&^J)9M(I6WS<(QW<F(TUWVL@5@I=O*9J>S&?6L>TK8TXA^NOVGE))=SU=K/YO<LRHM),Grandpré
7J7/$**C*UV9Q7A0>_NC0@O<&?P?/HA6AJ?BJG6TH!YHIJ@20L$6ROUQRH^9-&U,Grandpré
KBHKIKALJJJHJBLLBIJLHKAHIBILKHLBBCLAIIKJCJICBIHKBICKALKHJBBBALIHIJHBBACACHBJLKLIBHCJLBIIJBHAKJBICALBICKBKICLCIIIAKLKKJCAKLAKHAAKIHJJAAKIBBHL,Fractionated Morse
CLLAAJJCIJJLLAJIBJAKJJLCCKLHJCIBJIJBIKHLACBILIHICBIHKHCKHCJIKHLHABHHCCLJHCIJKBABHLAKHKHHBJAKLAAJHCKJCKIBCHLLHKJHAJKJJKLIBAIKKKBIIBBJJCABCHAAAJJCCIHKJ,Fractionated Morse
KCLCALJCAKBKAHJBIBIHKBJKCJLJBHHHJCKAKHHIKAHKHIKLHBAKCCALBIICJJIJAJIAAALLJAALCABJBCKHCCLLKHCCHAHBJJJIBHJHBJLAIHIAABAKCBJHJHHBHJHAHLBJJACIIKKCCKBKLBHKBHIBLIHKLCLIBHAHCLCCBALJ,Fractionated Morse
HLKBABABICBCBAKHHBCLHKCCBHIKHCAAJBAIIBHHAHKCACKCKJLBHJJCAJHBLCAKBAIIHAJIHCILAKCJBBJHBCKALBHHBHICCBABHIKHAJJHBBIHHCIKAJBACKIA,Fractionated Morse
JCBBBJCKKJHCBAJAHBCIHKIHJHHBIBCHILAHHIAJCAALCAHHAALBIAJICCJCHCKJHLICHHCBABAJIIIJKAJALKIAIICBBIKKKCLBJIABAAKAHHKJIBJCHCJIKJKLHJIKIBBHCHLIHKJCBLHKLACCBALABJAIHHJHBJBHBAKHJJJCKJLI,Fractionated Morse
CAHAJJCKHJKIIIBHJJLBBAIBKKKLLIJAJCHBICAJJBCHBAIBLJIAHKCBBAIBKLBJBJIIHABJCJJCBJCJJLKBHLCIHLIKHCILHACAJBBCBCBJKLKLCAICCIKIJAACALBBBACIJAIAAHJKBLBJHCLICC,Fractionated Morse
BPL?I(XQI0YX!=PTX)I5FAI<I=*!ZY%YH!3@+((JC6?ENGVR6=&G<DL6O!()BO/Q^GDL,Grandpré
CKJJCALLJCCKBIHIBCBLAKBCLALBLJHJJHHHAACLHLHBJKKKBJJJHLKIICCBBBICKKCKCKKLBBCACKBAHCAABBJKKCJJCIKIIAAJCBCIJKLAJBBJLKKAHBALBKJ,Fractionated Morse
!Y_/^*L>0O+3MAMVX6KNDJLB+T4H2XRRI)X)4BR/_CWK7%Q/YWV?/+ZNWK06!TJG>N9&W_SU=YXVG&J->,Grandpré
=$@ZN&+%J@QR^AYJ6QNJHP3WIF>R5!#NMRA2=&5-#61AC$3^YR?Z^GO#B#_L,Grandpré
VKIVA%QQMUQVGA0QL(JRKR+^)^T=R!?9(XJUD987WR_D(4@Q*C5WW(?=CBM)O3D1R+3*4+<I0?E*BOW,Grandpré
@7XH7O=K#8CG4WP&K4*WAKO176VWAQ#4U/*Y8TS*J=EU4>T1^WRRJ#J<BV-HOY&O)NQU7FLL,Grandpré
KAJAAHKLIJCIKKBAIBCCLLJKBHBBJKHCCLLJAIBHAKAHHJKACHIIBAIAHCKCCACAIKCCKJJICJAKCAKKJIHIKAJCICCIAHCBHCIBLHIAJKJLIIIIIIHHAIIHKJLJLLBIJABLCHHIJIHLHHJICHKJA,Fractionated Morse
M#-?ED<?GI(N8J_4B(_XMI?_M=*%JY4($B*<QCM1=>D$T*AZGW?*II=S,Grandpré
CCIACHHJKKAABBLJACIHIBIBBCIAAHHKBKBKLHAHKBHACCHCKCCJKIHHJIJCAKHICBKAHHKBKKLCBABKKHLBHBBLCHAHCBCCKHKLBKLBKLBAIAHJABJKCJILLHKIAAJIIAKJJACJCIBJLAIBKHAKHL,Fractionated Morse
KBJLKILBCAJBBBCJAICLHAJKHJJAHKAJBHIKIBICCIJBBCCKABKKIKALJBIHLKAJAAIIAIKKJKHJCAHHBBAAHCCHBHAKIAHAILBACHCALIHIBBJAHIKCKBAJHHJIIHJHABJIKKLHHJIHAHBKAILBHABAIKACJCHLCJBHKBAB,Fractionated Morse
HHAJACCBKBCCBJIBIKKJJAACBCHLBCIKICBHHAHJAICCLICHKLCJKCHKKKHBJKLBHILCHJIALLLCIAHAJKBACICAKJBBIAHCJCLBIBJCBHBBCJHLCJJCHICAAABLIJALIIBAKJA,Fractionated Morse
HAAJHJHCLHBHAIHHLHJLCIKCKAKKICAHLCHAJJBCJBHCLBKJCCLBCCBCCAAJJHJAJKLHKJAJHCJABLJLAJHCKAAHAJABKJHAHJJHAHAIJKBJJCCLHCCBILJJIIAAJBIHCHHCKIJJJHBHAHKLBIHLKKIIBICBJLAKLKHKAHLAIHHJKCACKIIJKJCAIJCC,Fractionated Morse
G7K?32=MK9?/CWCZIYV*&7TWJU@V/>_JG7*@3$G-#2%KU78HEO#-GTFCP%M%?W8!OIE6>UT,Grandpré
ACAAAJACHHJKICBIIHJKIIIJAHCACICABAKJIAALKKKBIHICBLKJAHJKIKAIHBLCICHAIIIBJCKHBJALAHAAHAAICKBJHKBJHJBCKKIBAHJJHAJHJBBA,Fractionated Morse
IBBCKBJACLLBCAACCLHCHACCJCBKLCKICJACILAIHBIJAKJBBIHHJKJIJBAJLAAJJIIIKKIACCBABKKKKBAHAHAAKKAKHJCKJCAHBHJAKCHHJIICHIABLLJIBIIBKABJKKLCLLAJHKCAIIKHAICLBHHAAAKILJJKAAACJKJJCLIKJCKJIHHJKLIBHBABK,Fractionated Morse
E-8<<XY!I#B-J314@7GR@(I/^7X6V8MO6WYMH)T?(7)0QGY!O_5F01H!6<>+)REG)BZ5<5)C+KLO5=IDK,Grandpré
KHACHIAIKKIIALHJABJBHCCHHHKHBAJJAAKHLKAHLJHHLBAABAJHIILJHABBLHICLJCBCIKHHLBHJKJAAHKKAKACKLAIBHIBJHKBAICCCCACCLIKLBBCCBACLLACLBHKCJIJBHCLLAJKKJBICA,Fractionated Morse
-B1GCSY7T/?9EPI/+S#6HHL)?AYH+6+>GW-B>4=0TWB/874!(KV-+>^!>^*/Y9*)QC^@JR<+V/H@&T7R,Grandpré
@U3WT&3<@ZH(SW#/+J^IH9TA$%A6/2DUO<&JN&KGWVV/3(NX^1#CN*GPVD6IPZF6-FUVO,Grandpré
A@HYR#TPKOK2J4QW&=97VJ<%$*0V(=*8YCKHBAOSFX1(&_HUCG*BVN(&C6+P(V,Grandpré
IJBLJAAAKHIACHKCHJBALABAILCLIIKBALJKIIACLBKCCHKBJCCIABCBCBBLHHBHLKILBJCICKAAHCJLHACJJJKHBHHKJCACKJIJACLJLCLBJKCKABJLKAJAHHJLJHLBHBICIHLCKLBJCLBJICCBCKAIAKCBJKCBAJJJAAILBAHHCALCBBCC,Fractionated Morse
ABIIKLHICKBIHBHBBICKAIJJJHCCCJHICAAIACJKAAKJIJJCKICLLIHAKLAIJBJHHJHJCIAAJKKCBCCKHHAAHBHHJLIKBBCIJHBBIICBBBAKAJBJBAHBACACJCHHBCIJCAAHJALAJBKILJJCABIHKHJAIKABKCABHIJCCAHJCAAJLBIBBAIHHJA,Fractionated Morse
HKKIJHIIICCABBKHKLIJKCCCKBBLCCHJICJAHLHBBIJAIJCABLJLCKLIKJJIILCLLIICCJAIAHLCKAKLIIHJIKJAIJHKAAABHAHHJHAAAACAAKJHAA,Fractionated Morse
ELADS0A^Z39*)_J>9H+8ZAOQ0IFO>5SE2B?3*7HT!R&CKY/Q5IVD-AX1SARP@Z2/T@@9+AJW=5DHG_8V^_P@,Grandpré
2QE99=HMDQO?Q1T<MCD)-EN1M>GK5<T5Y<_U)KL)8&T5-FJON*9QGD,Grandpré
NV)6&IR5T=9X3K!B((7Z/1B(B-7NB6PWG&+)I438R6@L&@?J+%HRB0()>%!(XBG03&0)!6)S6_%<OW&AYPN<W/RTJ,Grandpré
ILAACHLJALACLIKKKIJILIBICILAJKHHIIJLJCBLIKJBJLIAHIALCIKCKBIABCJJABKBJCBAAACJCIHHCCBJBBCAHIBCCLBHHKBHJIBJHIBHAJBCBAJCAJBJHBCILIHBCJLIALHALHCCHAAJICAKJKHHAHABLKIIABLBBKLAHKICJJABBCBA,Fractionated Morse
D<Q?3?6O<3H$NR4Q9228RDDI-9M%LKK8-Y9?>&?-L^UZ!P6DDJ2HARF?BHMSW>HBMAKF0J+#VJVJB<CWUT+O)!U+U*$/&,Grandpré
ABCAACAJIBCCLBKBLLKCBAAAJABBICHBHAKJAHAHALIJHKLHKBCKLBKCCBHIICBKKAJIHBBJBHCKIIHCCJAHABKKIIAJLIKHAAJJBLIKCLABHJHCIHHBKJJIHBJCJBCIABAHCHABCJCHHILACBJBILHJJB,Fractionated Morse
_7*635*!SJ?21X9CQ5?LI^JGB0%Y(BL6ZD(^CO$)6US@HEX^_-XVX(3-3+PEM@H>=83B+AR5W-UK8+JQ!TG)/2,Grandpré
JJHBJIBHIHCIBCBJJHKCHJHAIHJAKCJBBKCLCCJKIBJJICIBCICLCAHHJIJCJCKIIICCHHKJILHBJLCKALJAALLIHLJAKCKIHLKHCKJIHHBBACBABAAACAAKLLJCHCBJKAHAHJBKJHKCICLJHJCACHKCHICBIJLJJHIHHKJABJCCIBLKKKAHHJ,Fractionated Morse
T$@^(PDYV!UTQG5@AXZBWTEEDN/BX>@$7<$K?SVOX4>E5F2()7GA*/0+O@<M,Grandpré
(8+L-F8^*JMO6ROK-U!U-G(-AB%A0W>%G!OJHSH28QPE<F>P8UBBX!J_KP#@OTLC>3-9^JJIX^O*$)%WU(%+O4SNSBG^Q,Grandpré
$VBOJ6TJXPK-6GNBK)=B9<JW!LKMYX8Y$BQC3?$DQ*TS>_QR0%J34>8QWO5/M,Grandpré
TT0$9P)S67KUN8XS)IOY2A+?1E+@5BN(T(@>_6L/3&>+-B#>IYYFI_QN^A/<@HCLMD,Grandpré
2=Q82LXF)YY0?89(@$/>Z97OYR9V30RQM/Q0FO6FS//T_<NJ!3N19)#R(^)8B@8D8=6^92P*@R,Grandpré
*5RPKFK$5=7LWGRASOYGO/+5)-+ZFL(G_<T3FK8DZ<9OZ$EWL9HRSRP3IE@V(E#5#&5=JS)A=*Q_Z8&K@4Q6?&N%?K,Grandpré
8XL/6#CJ+IS_KA^7577FXGF6$6STF5TB@Z<ZU=6VW9WX-+R6N_YC>/NQ&(6%PBKK7!7WKY*PV+F!^JN,Grandpré
_)WX11@KV$A56-G8JH6<R9_V!SMAD>%=L3+)B<^VUOKLQW*H+M!-B^RU#$>*HR!NK,Grandpré
JJJHBJACCJJCBHBBCICLBLIKJHCCBJKJIBJBLJBIHJJCBBCHKIBABBLAJCJJICHJBIHKKAIIBBABBJCCKCIIBACIKHLBHCACHCLCLJLJBAKHJICBICAAHIICIBAHBCJHHKLKKLJKCAIBBCHLJJJAAAJAKKLLCKJA,Fractionated Morse
BCAIHJBIHJIBJJKIHHCHAKLLICHJCLBHCACAALBIHBIACKCICIIIAKKILIIICKCIHLBKKHAJILKHLJKIICJIHCHAICIBICBHBKAAKKKCBBAALBBHBIAKKIABBBBKHBJJKICKIAKJACHBILBCJHJHHAHCBIJJCICIAIICHCKJHBLACLBAHJCBHLLHHCKIAHAAIJJ,Fractionated Morse
ALCKKCJHKCJKCHAIJKACILACLJILJHKAAIILHCBAABACAKJCKKLKABLABBCAJJABHABIKCBKHAJAIHBHCBJHCBHBIJHICKHBBKLBILKBLBBCAAJCAAJJKBALJLBBIBHCHIHIJIHJAHBICIJBIHHBCJKA,Fractionated Morse
JIJILJJJCIHHHJJLIJBBBAAAHIHBHJJIAHJLKBIAABJKKBHIJKKCAKLCCKHJCCBJCCKLBHCLLJIHICLHJJAAHHJHJCHIAJAIKKLBHBKICIHBHBHIIAAJIACHJKKLHKKIACLBJACCKLJJAHJAICAHLKCBCJAJHLALJCLIBCKKLHIBHIJJCJJKAHCKIIJCLCK,Fractionated Morse
N<Z)2*($L7UK0VBXMQU?1QSY6K*=GEPR2XRD/F*3@YS29+TKV3VT@YMB?KZ)9Y(9-Q8-_>^<JN+QWU7O#0!4,Grandpré
KAJLBBJAAABBLJKKLCKKJHHHLCAHKKCIKCKBIAKHHHKAHHAJIJCCHACKHCIBIKAJHLBJIHJCBKACBICIILIIKJCLBLHKJHBABBCACKBCHJJLLICLCCHJII,Fractionated Morse
ABALAHACKHCBIHKJAJJJCKHLJBKKCJJKLJKJLBHIJBHHLABKIJKKHBJBAHIBIIIBIHBAAKJJLJJKCBKABHCLAAJJHBAKICBIKKLKBALHJJCCLKJBAJ,Fractionated Morse
(HYH0U^#_X(OJOH!G&8YZEU+QI_0ORQ6>L!3W)*7?%3#%E2G*35T/Q)G^V#&H%<X/070+RFAO,Grandpré
@%<%LTLTUZKBCWT=<#3G%A8PW*N-W_7!0DU>^Z!C?&<(PRBC6R3_66WFL4_6L,Grandpré
IJKLACJCHAHAHKLICBKKLBHICIAHBAJJHAJIBLKCBHBCHIBJBJLAJLBBLCCIHKCLAIBJICIBAJJBCCBCCHIKLJJCCHAHIAILKKLLCJLCHKICAKABCCACAAIHIKBBKKJCCJIILHAICCCCBHKJIJBKKCCJCHHCBABKCLCLALAAABKLHKBKAHICLHCBA,Fractionated Morse
FAZ7/TKS9*A=L=5MI0M6&#SDGZ#T6WZR*!D6?#(?NM4&4>O-9W_^/=5QYRX34/<J<K*H_(J>N)^4TA8/J24YW%,Grandpré
KALKICKIBICJILCJJALIBLKCCLCAJCCCHHLCAIKCBJIIBHKAJBKKHJJKLCBCCHLBBHCIAHKBIICJHLKKCCKAJAKKBIBLKKIACHHCBCBKKHKHKLLBAJKIAAKHJCAJBHHLICIIBCBHJLCJBAHJACALIKJKAJBJLJKJICJHCHJJKCBA,Fractionated Morse
ACBBKHJHBCJKJKKCICIJJKLIABAKBHIJBJCICACJKLJKIAAIAAHCKJLACJCIJCBHAJAHKHAHHJJLJIJICBJCCALHAJILACKICJCBLIIBJHBACIAKHBLIJIIBIICJJCCKBLJHCIKHCACJCBCAJAKJABIICJLBBIIJ,Fractionated Morse
BCLJBKAILJJCBALBCJKLIJIAJIBJBABAJJKHLBLICAJJJKHBABABHJKLCIAAHJCJIHLICCHABJHCKKABIJAIIIJCHAJAJIBJLJJHJJCCHAIIILIIC,Fractionated Morse
KCKLJAHIHALBACAABCAIIABCKIHHHBIKBAJJAJJCIAKJKKBKBHCIKBHJJCHKLHAKKBAJKLLKHCLJLBCBBHKCHCJAIBACBLKLAAALJBKCBCKKBJCAHABAACHBKIIIKLHJBBBIICHCHBAAHAKKJIAHCJKJJIAKJICJCHACCIJJLAAJJLILAKLBBJLILJACHBBB,Fractionated Morse
P^?9(X95IJ%=D/G3EV&K2G2SK=&&&CT@)U_R(A<O/YQ8O^D6@AVJK/EH-)?D2Y,Grandpré
BCIHLJBIAACBKLHCLKKAJICJKKICAABBIBKBJCBKKJKHKAKHKBHLJJJJBHHLILAJACBHHAJCBBALILBHBJAAHHIHIAKCIJKHJCCLJABHKJIJKKLAIKACHBJBILIIIBIACJACLLJHKKLKKAICJBLBBAILJCKIILIBJH,Fractionated Morse
&YK2*HW%P>!MG8U_GH>38NJO6L)@0802DF*M#1V<$KB?^)!GT6(H5&NKVS0*O74E09)S3<FNIE<!X#_F*7F5W>7I+<@XO,Grandpré
U0)4HYMISBJ89*@/V>1_QSQ@6RP%<P17</)5HE=(OXO<JXM!&GQ828HN$6#,Grandpré
Z-?^O2G#->+PVBJW-/RD=$G-H56I=5@56(P=B!UYI5#9&F0A8!I_BS*H>RO2KE*RZJ**Q%*B$%LY/&Y/@T,Grandpré
ACCJHCCHJKKAAAHAHLJLICKKHBBHIAIAHLKABLHIABHBIIACBJKIIKBHACIHIIAKKHJCCHCAJIIABJBACCBHLHCKBJCKHBKIHIKBHAJCLIBCJKJAHKJJIAHBIBACKJCKKABKIJIBCCBAKLABAJJHHKLACKAJHLAL,Fractionated Morse
BLJKAHHCCLCBLLACCBJHJJBBHAHAJLCJJBAABHBJBBACAJJLBBICJHJJCAJBJAKLCHLKAKCKKAKLJCACCALACJLHCJBHJAHKJAJCHCCCKLJLBKBJHJKKLALCIAHLBALBLKJ,Fractionated Morse
HABJKHICCCHIIJJKAAKIIHKKIJLCJJIKCALLJHBIIBAKIKJCAAIJJHBIJBJHCIIBABAHCALJLIIAHBAHCABLBALJHCLIJHICBLIKAAIJBIBJBALAJ,Fractionated Morse
ALAJICKBCLCCJJJALAJIHHHKCBBKBBHJKHIIAHHCCCBAKIJJJABABBBLIBKKKLCHLBCHJICCLHLBHHJKHIKJBLLBAABKKACKLBKCLAABJJIHBCJIHKAJCJCLAIACKBILCCHIKJBIACAIKBCCIJHCAIBBJBIIKABBAAACJLJKKABCCCBBAKCALJHHLBABKHBICKCJCJBHCJLK,Fractionated Morse
KJJAJJACHKKLBIIJABBJCKHIAHHIJBHLBAIAHAJHJJIJAAAAAAHJAHKKHAKJCLIKAIHALJAKAJALCJKILALCJHBIKKBKBLBJAJJCJICBKJKJCJCAKCBIJKCHCLCJCLKBK,Fractionated Morse
BHAJHBJJHKHICKBHAIIAJHBKLACILBJKKJKICLAIBBICIABJCIHHCJKIIJBKLHJBIHJCIKCKAJAJABILJCHBIIJCKKHBJAAKHCKLHLBCACLAHCKHHJJKHBHACAIIBCAKAIACBAIJA,Fractionated Morse
CCHICKHHAIJALJIBCJJHICBBCKKJCLCIIAHHAJAKCLHIJCHCCAJIILAHBKCKLAKIHICCIBAJHHAHJILALAIACJCKAKAAKHHLICKKKBAJLHBHHLCBIABHAIBIBIHHKBLIIBLIACJLBAIJJKLBALIBBBHBHCCIIIHLCKJJBBAILKKIJCKLABBIBAJHKAAA,Fractionated Morse
=R4D@R^2*!$TYF!N$K<R*5OJES7BFJT<!TT8(T*9&$<#V8@/SQGL<FFL6HX#E!6MF0^90>5@66K(+3A2F%49*/DMGCVH,Grandpré
CIBJJBCICCAIIAIJLHBKJJBCHCLIAAJKAKLJJKCCBJICJBJKHHAIKHJCKABALAIJHBAKJCHCAJAKAIIHLBCABLHJIBBIJHJAHHHLCLHJHHKCHCCA,Fractionated Morse
C&X<46_-J<BC8ZY6V_LD>IZB09^K>Q(P6$?6YJMM-N3/^FB0@0DN<I7R+V*ZKBK0TU(IA/+UXPO@Q8XHJZTQ$@SB?@,Grandpré
HLACCCJKJBBAAJHBKHHJCKCKCAKHHIAALCIBIBHACLAIAILJHCAKCIBBLHJCLCLABLHKKIHCCHHLJKJJKBBBLJACILAJCJIJCCIBABBCALHHAAJAACBIBCCALLHBALAJJJICKIKIHKKKKHBLHBIAJIKKLCIHCAJ,Fractionated Morse
GR+!8WR086I=1R<+Z7SWD@6JLFOPQ*?HKK-)#X*L+CXT8-_6T%Q)X5E<&>TO929HR/E#W2GYCXRQ32G(P)QT$RQ9X,Grandpré
HKACAHBBBCAJCIABAAKHLLJAKJJKKCIJKKBBBHHJCJKCCJKCCHHHICJCAHCAHLKBAAKILJLBKAAJKKKLBAAJKJKKACBCCCCAHJCBJBKCICCACAHICAIIBJJAABLIBKLKBICLLCCLHAJ,Fractionated Morse
2D(J?2GVXKJM?7^5Y_(E/3=+MZFL)&C<9@LXNZ72PG--J5R6M6+J*9N)K(OH2/H<4BWU5FNDR6*)?@WY(9N^,Grandpré
*G7UF>@_-P?_-T8(^C!ZOV<N!O5$J&BK/AE?KY3&HZ*V)D4>T%)<EZQUJPG7<Q5<=1?=1&J4YZYEZ_I9(7UKWY#H6,Grandpré
K35T03!$=R016<_9G_>H!Z8TTDN*QR>2$1>)KU7WB9?*IG*%G!RJ@6@F!--A0&6N?-Q>/IO)9#J<86?B,Grandpré
=Q)%K!#9TQB)0WYIHI6A3HCX7)FL4@%60!PUJ7K(2G9>/>/)LXJ3QE^NW8T65$C=0A!HWSX6/*7T^^!,Grandpré
41B!&<!34#*>PPD<I1WA7647W76B$-@I23J?5*GO@9N&HUH#BR)UFB<W2^,Grandpré
JAJBCLABBBBLKABCHJKKAKJAICCIKLIJKCBIBCAALAAAIKCBHIJKLHHKKCAAAJBKLCCHICAIHIKBAJIKKBCBLHIBJJIAIBKBJJABBJHLILKKABAAKCBCLKJILCILIBCBJBIICBIKKKKAAIBIJHLIIACKLIABCHJBJHJACBILJCIACALKHK,Fractionated Morse
PJ@*=-0G&0UZNROEH1U/E>N7DR9I7B(K8N)9@/W6DG@XUAAR(2WAJ9N07&X)+/(*$SQ%$)R4KEH(JJP>N/_,Grandpré
CJBIKAAKBBBIBCLKLCABIIHHJKIHKABBAAIKLCHCHAAKCHALAKHKAHLHABJABKJBHCCCJLABLJKBKAHIBICAIHJJBAALIBHIBCAAAAACKIBJBBKCIBLBIKKIIKLHJJJKAKJAHA,Fractionated Morse
8!(9#XKYZ*OTHEJ?N9#FAHQXQ+5>18CI+$*)BH+YDJ?)0@GXTC7Z&69N6/G_>WW>+)OUL?M@D_0!X)30@<8&2-381N%_),Grandpré
@<7ZWFJJM0H+W^63_<L2-D&_F(8PUSZXLV&JT#22W*J7E^X^7A!CTT6+UB^6H#>)>#-O,Grandpré
AKIAKICCAJLIIHLKKIKBLCCIBHKJKKCHBAJCBLCCLHHCKKCAIIABCIJIAICIBKCJKLLBIIJHLKBAJABBKLHJHJLAJACJBIBCAICJLJIKJHJHCLCJLJA,Fractionated Morse
=G^%U-H_)/8XDL=G%(O03-72K&!Z+-E?>3U!>/)L=KM&^LX&^X!M0H*PX70N3M*RTXO9@/CY_HSW9E-H_?K0A6+63@%NK,Grandpré
JAIALIJCJKCAHIIBJJIKHLKLBAIAICAACCJBKCJJCCCLBBIHKCLLAJBBKBBJKJBILCLCHHBJAABBAKHCHIBLLKHKHBLCHJHKAJBABAIJBBJABAKILIHIILJBJCIIHLIACBKBKKIIABAKJKKLBHKJCHABHHAALBJBIHLCBIHCAKIAKHHCLCCAIACHCJCKJKKJLIJ,Fractionated Morse
I6B%SR6S>9DX+?-OF==DY!5NL)Z<RZZ419@E9ZH^*X_LV0I-ZM/8>76>T)J6NC+6+43FR,Grandpré
BLALAKJIHJCJACBCBCIAJAAIBAHHAIBLBHKIALJKBKCAJIAJHAHLJHJKKHJJIBIHJJJCBLHLJKLJIIIIJKKCJBAJIACCJHLJALCCILJHCICIKCJ,Fractionated Morse
M969$L_-MO@^P<9>1K#Y7_U#4E4L/^082+XT<>582LD#+RZZB^#Y^KH0>YK1_U&IQI@<V*HZ^TP2@3S#/3#7UL%CX9DW6L@D,Grandpré
T=77KNO*8PX_NB)XJ*UD3&W!7OUGSSZ8=NB_&6C_(NG6HKTINKVUG^O<Q/X2T6A0%YJ?H@3(%9FV,Grandpré
DRAC7HHLY!18/BD<J!)O6**DW/@A%_XDE)FV(IW!GG<U$6T+M7GN<6DW-00)&ULY#7?F^0W,Grandpré
^/62-?7FN$+^)K$N(<&S$<X?KV(SJ?6D!8AFFE0=3A6CG@6P+2X?C^O(*ET0^U,Grandpré
&U@4I_SY3NY)/2*=DN)JAI<+V&E(W30J&+W6OGW!I@H?>8+AD3+_#0GL/MN2EFYDWUE&8@!WMRQ&L2+S>XB9,Grandpré
0/H@PY274D!->S9&Q!C>3<R$-X!M@B=XQD6C^H1CC2X9O5YMM=7JK*/-D0GJ(RAH#L(WOU2+-PJ/6)O*%6>@AN<<786F%L,Grandpré
WH07H60%9!_M7VECCDB(*!AYXN$/OH_9?2LS_T3TVS?C-37<#R(+@*TMH*-68=Q1Q_160MX/W/Q+@3+!323K,Grandpré
LAKJBCAIIBLIBIAJBBBAJKLAIBBBIBILBCBCKKLLCLJJKCBHICCHJALHIBHLAKHIHJCIABJLCJKKLJAKJAAKCCLJABBCALJJKCLABALIABKHLACHBKHKHHAALIIJCACICKKLAJALBBJCBLABHKLKJHHBJBLKCICAJCACILJ,Fractionated Morse
JHCABBLACALHBKKHHBHIHBBHAABCLAAJKCCIAKKBALBCABBCKLIJKHILJJLIHABAJKALKJBLCHBIABCLAKHBIIIHLBHHAKACHKHAJHJHCAKJABACBBHLIHICKHCLHAIIBHC,Fractionated Morse
HAABLBLAIILIJHHAACLJCJAACCBKHHCJBKCJIIJAKIAKBKLBLCJCKCLBJKHJKLHKJCAJHCCIKCLIAHAKLHJKBIJAKIIBHAIBKBKKCAIBLCHIALBJBIBHBLBILHJLIBAAC,Fractionated Morse
Y^ZC#NJX2X@O0RM)!L3D7M*ZX82I&2$W>T&WR_=E*/YSZ^(/!HH*^,Grandpré
Y7*T3/MF&O^(2@W*RBC0D<C2O_25@&76*%R(TOX5T%=9J07#*H@/+^6<<-%G>0B<?OG5@NTUJQAF-C*L^%5T?W)XMSE0<=#U,Grandpré
BIJHCHLJBCJJKLCLCBJAAJIHJLKLABHHAKBKKHBBILLBILJBKJJBIKJAKBHJCIBBBHBJBBACACACAIICBKCKJBCCBKIIIIJJICJBIACAKJBIAJHKACJHJKJBIHJLIHAHBHIIHACA,Fractionated Morse
H88NQY&_U&ZU!R2@XC!^N?)6F6J9WYSG*Z(*IINHOF-WC!F>TIW-*KA*%T((!,Grandpré
+&(EV2V!97IK$IF2NA_YD*SUUZAZ9-/^6?WH58XSUY0E7ZXN<@BAJFZ*,Grandpré
PU8BYVW%HCN3#5)&*<%)JS=/=16*&T*4)2$UGK2S0TVUCS(95HAW1VX?O>ZBBW>_-K%-2YUA6HU!T%WZ^,Grandpré
JLAIIHCAICBLAJLKCCLIIAJKAKAAHAJKLACHBBAICBKACBHBHKLBCIKJJKKKAJILLALLJKIKBHJCHIKHBKJLKIKHHICLJLAKLJBLCLKIIJLAJJAAALBHJCALKHCJKCJKLHJCAIACCACIICKIIIBLACBHAIJJJHJBIIHCLCBBCCHHHHKHKJJCIA,Fractionated Morse
G_NW7S(@P1$C?/D)^J9F9(PSMRG#%Y)^7T2/$#5/B>1)=5+YXS^-4N<^/?JS84)Y_TE-_7V9C<)I6,Grandpré
HHIIABCJIIBKKHJKHHKBIABHLBCBJLBAJJLHHHALCBCCIBBHBBCLIIBICCKHKCLJHJLJKJLCIBHKAJHJBHALHCCAJACAKCJKAJKBAIHCCCKJBAALCLIIHALJA,Fractionated Morse
NF/$3&(=8?&XGTJ4QGKW<CB1!39?M8O3?CT+6&Y&M_!*S_^P%MG-4/ZV!>8L8(!5L*TN>#8YU#8Z)G,Grandpré
IBKJLIJLILAHIICCHLLCBLAIKBAHCIKKKBIJJJKBKKKAJIIAJCCLCCBBKAABALBICIJHAACJAIIACACBACIKKJCICKCALLBAJALKJKHABAAKIKCALAAHAHJKJKAIHHLCCAKICJKBCCCCJHLCCA,Fractionated Morse
FUQE+K4G*H*C_T-RIBRA/HKB39$)28U0B2V(Z8OKVK@Z5DB6VX1UH6Q!+AGTPG?(GB-ZCO=<OR+M6Z9%!3$MQL#Y^,Grandpré
BGNF9KT@CEKKLQ#3K)#&=Q>)E_</9#GZ__W1!TH_<J<(3B26&@4K%=H-RB#@%)Z$7@>A)1)M,Grandpré
AJLKCJLIIKHAIKIJJKIKIJHCBJAAIBIHKKJKCKCCIHICIBLBABKKJJJCLCCBJKACKBKIIHBJBKJAHHIBALKAAILALJCKCKJKJHKKHBJHAJHJBAIIABIAALKCJKJBCCIKCIJLAAICLJLJAAACBCAKBAHCHBLIHA,Fractionated Morse
BAAKHBIKKKIIHBALKJAIJKLHHLCKCBBJHICKABBABABHAHBJJJCJLJJCAAALIIBACCJHJIJKKLJKLAIKBLALIIAALCBALALBIKHIHJIBJLLBHBBKBBJLLHJJALJLBHBHLBKBJAJCC,Fractionated Morse
GN^<Z(9DQXK_/-Q1=07WGAT$H@X<XOS9I-P-W6^OQ&2K@(K4<716>QQS,Grandpré
LBJJLBJLKHCHJAAHIJJJACICKLAJAKKHCABBJLCJALJIILLLHHAKLJJBBCACBIIIHLAHJBIBIALKJBABCCJAKLIACLJKCHBJCCCACJJJICJHAIBJLCLJBCBJ,Fractionated Morse
JCLKAIJIJLLCBCIHHIAIAACIHHLLBBIBCCAIKJLKIACLIBCCBBJKBCHHJLBBAHIABHLLIKKAAHHIKHKCKHJJKALABCBLBAALIJHIABIKKBAHAK,Fractionated Morse
GB@O3<!FC4JR9WXN</KW4ZBJ/8>JW6WV!BB=5SD88X7Q6KVPHRLXLB>4N^N8(N6WM,Grandpré
NH>6-TK(=>_3N@&)%J<GC&BMA++S7*N9=-3R8Z&9*Q^YS8*KXNC>4&I-A<!38BI<&9&OZ_R(%+1@9WBW?O()E*A%P2VB,Grandpré
$#0MT?&$W=_B#_ADP+%99*5G6270(V^*DR>GHKIL%F6V&EQ%B0!WOX8*CB<MB*0/W!96DQJJ,Grandpré
IJCAHHHBBLBJJIHBJICIBKHKBHHICLKKBCCHIHBBBIKHJCCBLABLHBAHLJLJAIBHJBJJKJBKKJJJKICACAJJBCKHAIABICLHJAHAHJBAJJHLJLJLLHBBAAAJALBIHJLKHHBHLAACBJJKJIBCBCJKJICIBHHAHIJBJKBAHBBHBKIAIHBCAJL,Fractionated Morse
OS3LU/YBJA2GWPD8C)0PR6(**W-DJ2YYRD?>BOJ6B+E+A/6K!ODAH)OSY73PB&79%GM-P9DGCZ,Grandpré
ILBLHAJHKIAAAIBKICJHKLJIHLKCCCAKCHHKKBHAHJIIHAAHLCJLJJHKCBHJBCCIBCAJALHKJJKLJIBBIACHJKALJKIICBBKJJCLJJCCJBIAHCLCCBIHHJHIIALAIHHLCBAKLJHAKCCLAIKAJHCCHACIIIIIKC,Fractionated Morse
AJAJHHAAJACIIBBKACHKCCKICKJIJJIBBCACACHKBIJJHAIHBKLKCCBCABJKBBBBJCIJCHKBJCCCHJAAACHBKALHKALCIAHBHIIALCCBACAAILA,Fractionated Morse
IJAAIKKJLBJHCKJBJBHCHALIJLJHAAKKHIIBIKAIKBJJJIBAAKJCJCBIBAIABAICALIHKABIBIBJJIJCHJKJHCKAHIHKIKLLBBAIHHJKAAKHIHAJBAIBKJABKLCAKLABAJACBBKHIBHBIAACIBIAKKAHAKBIKHKLKCKIHHJKLBJBA,Fractionated Morse
BBHKAHKLJBABCHKJCLIKKCCHLAJKJCAIIKKCJACABJKBHJKIBJIKHBKIJKBBHJBBBLBLLAHABCBBBJLALBBBKJBLIBLHKKBIJHKIKAJHCIAAIBAICIABJJHALCAJIKIHJAJKHAKLBBKAJ,Fractionated Morse
BCHLBKBBCLAJLJHKKBHLHCBCCBCLILBIBCBBBAJBHKACIJJAHCJLAHJLCALJAABJJBCBJBJCBHHAHHKJLAJJLBJHKJLKJBLACJKHACJILKKABLBHIBAJJCBJHJJIKHBCCBHCLIHJKCBAJCAHIHIBIAKKJBKKABHBAKAIBIJKLCICAAAIBHJLICAKCJKBAHLCHJCC,Fractionated Morse
HJJALCJABJAIABBHLBIKHAHILHLICACCBBJKHHBAKCAJLHBLJLAHHJKBKLHKABBBJKIIHJIIILKJKJIJBAICHBHBJLAILIAHBLHCLABHLIAACHACHJLHKLJHCJIICKLCLJHILCABBAJKBJAAIAJIBJAKBBIKKJLCIAJ,Fractionated Morse
#HJ/CQSO%N&>V5AWXIJ8(+US!36^=^MK<DK(N$WFS5@N(NWRC)/%6<<1J^-@3H<K/!<Y0U2ZF7POP4KS1>5#2OD4S@1=>4MC&=,Grandpré
ALKKBLKKCJJKCHAHIJBIBKCLIBBIJKAKKLJILHABIHBBJAHLIBHKCHHIJAJALCKLAIKJHHIIKJBCCLJJBLCHHACJIIBHJBBJIHBHBKLABHBCBBJCJHKCLBAIBCLCKCALKACAAJKLIICBCJCH,Fractionated Morse
T/D04MSOJ>7K4BRH!$G(7/><I+49>@OH2B!Q8VK0$*P>S%D85FLUXI)6U/U!#G=@!+1Y=6,Grandpré
IW#)_=GP--RH2#HLU?3=Q>MMR<&S^PBK$DH&>Q%&A@B?=H7U%?KSDNRD6<N/H2!H0L5@8WB>^7KUL,Grandpré
CIKCIIIKCHKLJLKJKHAKICBCIKLAICACLLALIBHCIILALAKBBLKBHICCALHHABKLJJAAHICJBBAHJALIHCCKBJHAAHCJBJAJCCLKAIJIHHJCHBHJBABCCJALBBLCIBACIBBIKJBKCIBIJHJJJHBAKCJKBIIBAAHAJHAAABHJAHJJJJLCHHAKJLCJBIKBHJA,Fractionated Morse
CLBHHBLHABBKKJBLCCLIJIICIICBBBKAJIAJLHILHBHLIIBAKBBJICCKIIJCJIHJKBKCJAIJKAAKIKLIAKKKJBLCCBBABIBJCJABJKJKKHBHHKHIHBCLICALKKBHCAAHCLJIKCKBIIBBKHJJCJCJLJAHHAKJJALAIBJKBKHJALBALHCIKIKJAKJ,Fractionated Morse
/#395OI?UXNH)QJH%*=Q_<7T8L@O$5V)B%T08M&6Z%BM_<Z/JR)!BJYNR_(_0=HOMWNHA2K-VP1GW+=$,Grandpré
C16N@BU>USSR6F93IKS9Z*9QM@_&Q@53J7(D0WI)X#<*67<%QY73BL-#/0B%&BULG/^X>8Q->Z6H03K1IFX%W^),Grandpré
AIJKBCKKAKJJBKLICIICABCAICAHIBKIHKKJKCJAIAIJBAIACBKBIJJLAAHICIJKBJHILCICLBIIKCCKAALLKIBAHICCBJBIIBICKALHJKAJIKKCJAAIKJKHKABAAIHIBHIJLKIAHKJIIHLBBKBJCCIKAAAJHKJKKLLBAJLIJAAK,Fractionated Morse
BCKAJBBIJKHJLJIKKCKBHHBJJCAHKLJJLHCBKCAKIHJKCAKAJICCLKLICIABBAAAKBIACHCJIIBCJHCKLKHAKACCCAAIABBILIHABKIHHBHJHHCAIHCCLHAKAHJIBBIIICCBHBCAAKKIIJJLCKLJBCAIIBABJBKLHJBAAKCCKBLBCCABIIHKLACLKCCIA,Fractionated Morse
ALHLJABHHBJCBICKJICBBLKKBAJLIBHBLBKBIIBHBCAJBIBBHBCHJCKBJBJIILIKACKAKACJAKKKHLIALIKJCCKCJKAICKBICLCJBHHJBJCJCA,Fractionated Morse
ABIALJKIBBCHHHIKKBKLKCKHLHKAKBAHJKCJJABIJBHJJIHABAKIICKACBLHCBBJCKHBIHKCBKCJCBBHIJLIHLJKCHJAAAJBHABLHHJJKLIJCCHIIHJAKLICJKCAHAKHIJIKKA,Fractionated Morse
I2W=5(2?UM28Q91!C(L?%KGCIET@K!R+_6Z5YDX5N-OF9%W4?A)KOHA+W45Q0!5F9<>*!Q(NYZ^=%H<*6,Grandpré
AT_HQ5&PHR<)?9RHA+<?(L5NNI_DH6392WNF<+59702^N6)%OUB>_A+0#H1EOR5Q=D),Grandpré
-H220F&4SNQQ*LWQ8W!SLDK>?7<D826L@)S1NYNA()YO7JD)*&R<J1((>KI>_MT8B_5=_AD8+^0!U3W6HC-31XJ,Grandpré
KBKLKJAKBHCKKIBHJKCBHHLIIAIJLICLKCKBALABIBBBKAKJHJBJCHKCJHAACCLCAACBAJAIAHCIJICLIHAJLAIJKHBCAHLIHLIBIAALIBBCALBCCJCBKIAKKLBIBJIIILCJLJBJLKBBIAALIBBAK,Fractionated Morse
^L>Q=+)9$C3V6<>7)?GN0D4/_+YK!@6TG^208ON^?AY*#$<MKVUVD(DTX&XKI)2%<3JXR^+PK9MZ/EG*_3VL<N(4DXR*U5V,Grandpré
BJKJICKLCLBICKAHAJCAACAAIIKKJCAJJIKJALBHKICAKBLBJHAJILHJHIKKHAHCCBJIABLBCKACIKAKCCHBHBJJALBHKKCKIHAIIJKCBCHBBBKCJLJLLCLLHKLAHBICBJAKJBHIJJJHKACACABKJ,Fractionated Morse
^@7(=@BJ^K^@?_$49)5%6!2W*50ICZMH6K&G+(<TLPH^<$M(^=Z(!N7^-5J<C//5PH6MY&ZX,Grandpré
E^TFU(X3?8!88#2=J8KUHN1/3THRU6$IZ(R5^O&Z/2%@%=!F!!L1-X@O(ABF>XFPY3BU*%UCH2KQC@8NXI>Y7TO,Grandpré
UP%-G^ABYOG)7WRJD?ODU2UQD!TXA&=HFO!7KW^HQY3YL*YK>I9*MB&GZV9D1!BDMP@,Grandpré
R/3X(^GJ*PLE1>%S8NH20DTD%@7R2G+N<U$G++0P&*TYKS&_N+O_P^@O>2PL@=VPM,Grandpré
J3V_WNCF?NI*1^E<11=4#LW$>>QH)Y*QP*TJO4UMO>73#-4RIU++AKO8THT9%>>NXJCDG?P08<L,Grandpré
JHLKLBJHAKCLCIALHBLIJHKBIHBCACCICJHAAKAACIHIKIBIKCAHKJHBLBHHHAJLAKKIBBICAHBKKCLJAHHJAJKABCCKHBBACCJHCKJAHKHCBACCAALIHHAIC,Fractionated Morse
IIIICHIAKBKCLJKKHJACBHJIAJJLIJBHAHLAKJBIJLLIJAIIICBCBBJLCAABACHCACAJHLIAIBIAJLIAJLBHKCCIHHHAKILHJJHACIACCAKCJCBCJIBJJJJHIJKBAAKJJKHHIIIKIA,Fractionated Morse
OLIGBGGZIF>U3=RT>X?A?1O20N!77P4V5%#U%/?EEXJ&H8#/R+M<04UQ->3PK&Q=,Grandpré
LCCBCKBKBICCBBJJLICHKLBBJKCIBJKHJBHJHJJABHIKIIKCBKBHBKLCCILIKKKJAIIIKLAJJCLCBIALIBCACBKJAAJIKIICBBIIBCHAJHLLALCJBAKBAHALKCBJKJCKIKKKAKKJBLLALCBIHAJACHHHLLBKJKHHLCICCJACBKLAAIBLHIALIICBA,Fractionated Morse
BHCIAKLHHAAHALHKJBBLJCAJJBAKHIKAKKKALAHBAHBKBLBJKKKLACHBLCJIAKCCIAIALBAJHBKCJJAAHACALAKICBAHCABJAAABCLIAABBLHHKAHHHCBBCBIIAJHJBIIJBHAIBHKJIAHBBJIIHAJABHIHACLAKILILJHJIBKLAIJCJHIHHK,Fractionated Morse
D9)Z&A?+M>UGQ79R7+#KK=T_Q!MVT78M6FDOK>P/D0U3L&RHK#AJ67%R,Grandpré
KCLHJABJLJLCCALIBHCILCAICBAKJAIKLKKJCIJIKJHJCBLJHJAJKHHIKLLCKAJLHBLJHLABLIBJJLKKBILKKKCJCBCKBBJLCAKKBHAKJKBBCHJCLJKCCKKIKHCJIBBICAJBBIAKCCKAJHBHAHAKIBJJJKIAICCHLBIKKKBBAJCJAAKLCA,Fractionated Morse
?$&8LEVX4QPXA8*J?UWOQO-5-Z_>HS7K(2G59U+Q/WE3&9760X_?TW58(+EC2>?B)2B/JE87Y)(-<3,Grandpré
X)L(?G)6X&KZ?-(1/^HR5K7HQG(XT-S+U6&W5#RHE*KA_4B&K^A5)70-_=/@R%F!^PNY_KQ+OEYJ3EGX=#<*JB^3UX6*I,Grandpré
IAKLCBLIJKKLAKLCBJHIHLBKBIKICACAIJIHLHIJIBAAHJHJIICKJJKCHLJIBBIAJCIJLJLAAHCCHIJCIHHKALIAHBBACCAIJJIAKKLBCHJHACBJJJLJCJIAJJJJBJCABKLJBAKKJHCA,Fractionated Morse
AJAHLLHKIAAAJLBCIKJJBLBKBABBAJHLCLIBCIALJAICKLIKIKCLKILIILKJBHJAAJICKKAAIHIBABJBIAHBALHKLHCACBLAHJKHJAACHIIJBLAKABACLAHHCHJLBBHHKCABLAKJAKJCJLKAKJKLCHJKALAKHKCLAHKK,Fractionated Morse
CJKBABKJLHHJBCHJCHKLJLJJCHBIKCLBBCHIIALCJKIAHKKHBKHBAIAKBBIJHHAAKKLBIBKKCJLKBKBBAKKHJLCJKCCHHKJABHIJIILJKAKIHCHCABHCJIKKCACIHJALCBHICHLCB,Fractionated Morse
JKJBCKKHKBKBHILCBHIHKKJIABHKHBAIAKCLJCCKHJCBHCBCHCHBBLCCCJHCIBCJLBBJCJBKLHLIIACCHKIILLCBKBLIKAKLJLIBAHKBCAAHACCBIBJCBBKLIBIBA,Fractionated Morse
IBLJJIAKBLHHCHHAJBAALKIBIKBJIHKCLJKLCLAJJAJCICJHKHLHIAJAJCHJBCHAABBALIHKKJBIICKKBALJJKJALAIABIBKLJJCKHAHKCACBKKBIJBIHJAJBBHLAIJBALBBKCBACIKALCAKKKIAJJ,Fractionated Morse
NX8R=WN3T$8BI-T-TSVLAA(R5-4UXBY(HX7ROA<UF*AJYBTL?L>N@6YBDMWW3IBYL7C_HCZN*$5+_)T4?6P<>)-Q,Grandpré
+FOOM5U//13LACKW?TF$72$Q7SZ9VH2FC6UL-KXC2U9#2O)0LW9(%A=OI@!(QZTX&(^<Z3C)K=_@M6Q&S^4-YB2@V_K@CJ,Grandpré
)0=7TZM-LVV-QJ-6/=)N(1T>17HVNI7AT%3/7RG*8T!2&GA6=&>JN81_G%%NLCW0+S%M%3JV!YN%7HIBLY,Grandpré
?XZO&>?5TBW(4CG2PWG0QU3!1-+V)?OP*=TM^0TQ-XY+F?/75^FQPA?6OG2-43&2OM-L#>^R,Grandpré
IHHBAAAJCJLHJKACJICJJJBICJLLIBAAIJIAJCHBHBACKCLBLAJBCCBABIICAIIACCBBKACJAHLCKCAJHIICBHJJAABBLBCJBICBCHIKKBAHKCAHKAIIIJJBLCLAKJLALJAAIIAJCLJKLKHKLBHJHHLCKJJ,Fractionated Morse
BICLKABJBHJBABAKHALCLKHJACBCCKKHLKHHIIIHABJCJHHBCHAJKAAICLBIJKJHCJLJJLBJHBJJKBHJHHHABJHJHBBICCLAHILILBKKCLICKCIBBCJBAIHHBKLILBHIBHJCLACBA,Fractionated Morse
AIBAJBCJIAHICJJLIABCCLHHBABAKBIIJAJHHAIBJJACHIJCHAIKJKBBCAICHCLJCACBHCIHBHCIBBIJJCAKICHAAKIBLJILKKLBJBAKJKIIJJCHHCCAAHBIIBBCKAAKBKICAAJCJHCLCAHIAKBKBAHABJJKAILICICBIIJCCLBKBAKHCLKIIJH,Fractionated Morse
7AG(KUH-J6=Z9532KB%^ZT<5NL_6697Z)#WS/Q7!@G#@M<0Y&K+WIF51H%(C8ZJP_9M,Grandpré
A&RMI=)U>3*U1N*0GQZ6G+OSZ!O#O^T-MAC4D-498H@W/JP9L/SGNS+R*PNKT6N59T7,Grandpré
IKIAKHKCLHHJAKLLHJHJACHBKKACKHKCBAKAABJJCALAIJBILILBJBAHBAKAKKAAAHBLIJJKKKKBIHAALKJCBCCAHKJHHHJKHJLJHIICIKLBJAAHCJCICAACIJKJABJACAKCABACLKALHLHHKHHHKAJIAKLCKLHHBCAJBABIHHHLHKAAAHJJBHKAKKHBBJJALJBJLAHJA,Fractionated Morse
HLHCCBKAAJIBAKCAJLHACCBJCKCAKJKAACCLIKJJLKIHJAKCJLJJJAKKHKBJKKCAAACICJKCBCJHLAIHCLCAHHJIAIAILJLHAIJJCKKHLBICAJLKIJKHCJLAJCJ,Fractionated Morse
P+P)F8>K17%6E)#K/&Q)_^T79DAC<!LMA<<D9I8J01Y*RG_02RP)#<J@F?>5NYZ8MW6I+/)DD)R*GL?9RT<XC^W<W,Grandpré
L0#S^=WWFJ0K(G$VH63D@OS0X=-GXX15WHA-0F!WL7Y6&7H*@G<R2!$O96^%0H5QKX3M$R<R6@A*(3CJ/++->487!3O@LI,Grandpré
V4I6+WQ)(>WL@!)=^Z0_-L))5+-V)*G/=H*_7GG2M2^&C3^)#SW0@*(I>^_C/=HJKWB0<&A*4>YD)!L=)6WL,Grandpré
FXVZC&C=QG>*I*^R_NK&LOB0DS++R/&>-XA_>_/C9Y!+/WJVR_@AR8D5YWV0-B3*DE>DKD*O<>I0@9^#)1?GT/4K&,Grandpré
HJKAAHBHHHHBAAAICAJKJJKLJICICKAJIJCBIKLHJBALKIIIIBBLICJJBIIAAIHHIJBCLIIJKHHKIHBBHKCICKLLBLJHLJAJHCBHAACABIJJALHBLCCKJCBHHHAICLJAAI,Fractionated Morse
HBHBAHHBIKAJKJCAAABHIIABCJKJBCAJACBAACJKKKHHKIJKAAHIKBJIHAICLAKCJCJJBHHAHKJHLALKBBAJHCHALBBKJIJAHHJAALILAHCHBCILCJCCKCKAIKBIHIAAJCLABKLABIBKJCLBAHIBHCLCIIIHALIBKKAJB,Fractionated Morse
@W>67SAEPXDG-/9K<J>V7Q&KG=K>/P8LFT-L_GO+FQE>?JCFYC20D)KJIS_NX((>9EZF@<6BQE$Z$U?#$8WYJP%#?KCG0D,Grandpré
KAALIIKJKBCACCKBJJJKIBHCAAJHCICKKJALHICIAHIBCKHBCHJAJCCIALCLHJHAKKKKHIKHIHBHJHCHBKHAJKBLIJBJCLILIAHCCCIIIBKBKCBHLJHBABKKICAHJCCA,Fractionated Morse
KCILHBIHLCIALJJAIJHIHKLCKHABKLHCCBBHKJIKAAAJKBKCLCBACHBBCKHLJAACKBCIIBBAJIAIHLJHILABBIKBCBIAJBKJBJCHCJIKKAALBCBKBJIBALKCJAIBJBHHBJJCHIAAHLAIBICJAIJACCCKIIKKICCCCABBAAJAJKABICKBJBJLKKKJALCCCAHJJJLIIKJJJ,Fractionated Morse
HACLHLCKAHLCKLCAAHKHJKCJIIHAACBCKLLJIHCALKJLJKHKKJBBIBJAAAJAKJCHAHHJBBIBICHJJICKJJHAJKBAIHJIJBAHLJJJABBJBCHJJAKHBJIHLHKKJHIIKIJJILAIILHHAABJKKICKJACCKCJLLJICHABJJLCLHHJKLBIAAJC,Fractionated Morse
AKLCLHKJJKIBBHCBAHJJHBCBAJAAAJAIIILKCJBHIAAHBKLCLHCHBCCBKJICLJCKJJLHKJJJJJJKJIKABCHJHJJJKCKCHHHAIALKAHHKJCBACBIBHABBHJIHLAAIIIBCCHHIAKBCBLCLHLIIHCHHACLLCABHBIJKAJIIBABHHHCHIAABCAHBBACICCHBHIHLICLHCK,Fractionated Morse
HBHCCKKKIHLKLHBLLALJHKHBCLKAABKBBAHHJCJLIIBHCJHBBBBBKKCLLBICCJAKKIIKCJABIAIJAHJKAAJJCCLKJACJKKLHAJBHCLBIHABJHABBLLBKCBLIHIIHBJCJLBHBBAIKIICABBHJACCBIBIIBIBLCCIBABJICA,Fractionated Morse
5A_AOKT2LG=^K$Q!J=N4V*%-&26TG_$4EQ%=(AOS>6>3^I#%-E67<4W,Grandpré
IIJABCLAKCHHHHBAHHKLHKKKACBKJKAACHIJKBIJICAAJLLACAHJLCJLLIABAIJABBBAAICAHKJCBKKCKJALKAAAKJJIIAJACKHAICBBJKKHCCLIHJHJAJKIHBJ,Fractionated Morse
JHLKBKJKKHCIKCICIHLABBBBBJBBHAJIIJAIHAKKBJCCHHHJAKCCJLBJIHAKBABAKJCHLIAIBJCACKILHAJJLLBHBBHIBAJICJJHKCJKKIJICAHHBHCBCBKLHJHCKKKJIKKABCBACLAJCAKICLAAAKHJHBKHIIKHICHIIBKIBHJCIIHACKLJHLC,Fractionated Morse
JAABJBKKIBCBJAJBBKJBIKKALBCIJIJABAJLBJJKKIIBHCILLBJBKKHCAJHJKKBCLAKJLILCKIHIBICKHIHJKICKBBAIJHJAAICLKCJKABBKKCCHHBLALKIKAHLAACABAAJJJJKJBJLAIAABIKIJJIIBKCLCKLCJLJBJHICCLHCIKLA,Fractionated Morse
G*A_H&K99-!1H9G5M2I!G*W+U8C/X=P+->^@8ATAL>S7+IK=K>W126_,Grandpré
KCAICACCIICIICKAACHLKCBBCAHIIJJJKHIAJJHCLIIBCBIHAHKIAHHIKHICCBCBKCKKCHHHJBHJAACHBKCALHKBLIACCBCJAKLCIACIHHBHCABKHILBCJIJIHKLKLABA,Fractionated Morse
TP^G#S-J^LP&9@(P5F9$H@!>VSXJPU&8831PZ1CQO1P5*T)F5L/E!5X4JT=JOW3/$=$X*<0NQ@XEL+>KF=+5N#0BNE2,Grandpré
IAAAALCAICHCIIICJCLIJKILCALBACAJICHJICHBIAHIAHKHLBAACKKKJJAKHJLBBACIBBJLHJKICALLKIBCJKCLLIAKHBJHKCBIJBCBIJKCAHKJIJJKBJKJIACHKAJC,Fractionated Morse
CCJJHJKBHJLHCBCJCCALBLIHHCICKHLJBJJKAJAHJBKICHLJIIAJBBCCLBHAKJJLJAHACBLIJHJLBBAAJKBCKAHALHJCKKKKCKBBJIHIHKHABACKKBKIJICLBAICKLIHBJKCHKKCCKKAJAHKJACAJKIBLIAJ,Fractionated Morse
8_&OO@K=M&F0=7IT@/5A2-$YOCB&65!<=C4Z<>/9O?*DB>-H2@U<>LCGKD35&6B=J,Grandpré
ABCJALJJHBCHACKLAHHKCBIABJHLIJLJKCCLAHKICHIIIJHHAAAIBABAJKIHCKLJJCBJJCABCLCIIACKJJAKHAHLLAICKCJCHJAJIHABAHBKLJAKHLILBAHICBHBLBIC,Fractionated Morse
=)HX)O*E6)E&/S+CO2HR7H3-O%K03I)B7$Q&AX4+JB$M78#U7QM_>R<HU?8^C&/YYR@$8+G0C*W@XR^C/*0AX,Grandpré
22S5RKJJRC7S+T1K-LK<6TQ7L%&%>-<XI8=Z%2@XCGH>#+8J_JH7&UES=ZZR&WIX#E6Y,Grandpré
WW9>GV*V_6/61AT4^RW<QD&I8B+F-2K7&/W-&K$S-H7X%6#N)/KHDM-<>9+^!<EY*V/9YY+8ML0&6X1+RYU*$8Q$A)/?!2IV),Grandpré
LICAJCICBJCAJJHLJHBLAIAIHHCCICBAACIIAHHKCLIAKLBBAHBLICKKCCLBBKKBBKHHCLJAAAACCALJIHBIJHCJHCCLCIBKJBHJCHKLCKBIIJCBHCLAJAIHCJBKLCHJCJ,Fractionated Morse
KLLAIACAKKHBJCJJKJJIIABKHJAJKIJBAAKKCCIHBCCJJJIBAAJBLBBICBHKABLJBAKHJBBCHKJHHHIAJCBLHHBHHAKLKALIALIHBCACKIBIACIAACBBIJIJBIKJKKJJKIKACCBIBALCBAKJIBHKAABBIIJCHKAJJCCIKIJAKCAALKHCCLHLIKIIJLIJHCBJ,Fractionated Morse
JCBIHKIBKKJLBBICJKJCCJBBAIAJJKHLBIKCBBLHAKJJCAKJJLBACBBLBLJHIKBCHIIAKJIACCJCACKHICIJBKKAHJBLJICHBIIAJBJICHJCBIKJKICBCLABJJJCHHCACLIHBBJKKHBAILBAHJABCLALKAHHHHBABKHLAIJJJL,Fractionated Morse
CIILHKKKACABJIALICBALBCCAHLCJAIHBIKABLHLHCBCBLJKCIAKJICKCBJKAJBALCAKBJAABAKKABJLBKLAAAAHHAIHCCBLBBJHBHIILJAKKKBCHAALHACIHHAAKJICCLJACLJBJKJICJCIAHJKBILCJJCACJJLHCIJHBJHAKCIIAAJKIKALHCCKAJABBHJKLBJJ,Fractionated Morse
@<2O<0M)=81-=WG?@GO27X?8WKRJKJL8#$RZ*G>/F<<2PJBWN<@!PMM,Grandpré
-XHG6+5H#YL7TV55Y+6>>1VVYUBKU$F6&2O^8ZN5YHJGN+P*#)VV=?XP2$N(EA,Grandpré
HKKIICBAAKKBLKIJHJJCJBJCCKKJJBJAHCKLLJIJKICALKCHCAAJICLBHCCAKAIJLLHJKIKJJBHHICIJLACALIJHAIABCKKKALAHLBJBHICJLBIIIICBLAAHBJIHLHAHHBLLBLCCKACIIKKJJCHAJKIJKIAALBJCBIKKCCIICLCIBHLI,Fractionated Morse
HHCAIBHJJJKCABBHJKHHIHABLICHJHIHIKAALBJBJHABABKAIBBBJCAIILLCJKJLLBJKAKLBHIBLABBIHCJBCABAKKJACCCKHBKAHJCALBBCBCKCJLCK,Fractionated Morse
AILCJBKIKHAKAKCCLHBAKJHCBKJKBCBKHAJICAKHLBAJAAHHKCCIKACKLHCBCIJHLCLIJAAIBLALAJJIIILLACBKJHJBLIAKKICBLAIACLCKAHBKIIBALLIHLCCIKHJALIJKHHHKBHBKBBIHLLIAKJAJKKHJ,Fractionated Morse
J!^&M)?3#8<Y72&$GIZ_?@HUO3P6X/?JF9!O%H5B>L-!0OU_7K>04ANEA>(=>9E&Y-H?YADQHYQ+7%T^MMS#%-M<>0!*AM,Grandpré
IICKKHHIAHKCHBIHBBBBCJCHAALCBLILHAKJAKBIKLHAJJJJBCIKKCJLIHJJHLCJLHKIBHLJAAIHAAKBIJJCJHHAAIKKAIICAIKHBIHACHIJKLCJKHKHAIHAJBCCAIC,Fractionated Morse
BIHKAJIHHHCKBLKJAHACBBAAHKJLALACLJHCACHBJAJALAIBICKIJACAHAJBBAILCBCAHALHKKLCBHCLHKIHLHJIJJCIHIHCAJJIJBHIJKIILBKBJHLBCBAKIIJCCBBCLBH,Fractionated Morse
=FJWWM#VL5BW#KNXNW*NRB&UK<_B4QG<ZJFDX?=W2MACAN%Q9U(?X%L8HJQ7H/ZH7>H+(@!RGKV48OI_<#NA@-P2NK,Grandpré
6)BJ+FP=2O4-6J(/4&>37(*_KR64V3R#*N/-#_X_ZYN(Z*N221B*H<1LSL>D@%O9,Grandpré
IIACCIBIJCAACLJJHJIIIJLCJIAHJJAIHHJCJCJKBJJKIHKHHBJAKIJBJKAJBJKCJCLAJHACJCBIKCKJJBIJKHHHBAHCJIJCCABKJJAICBAILBJCALHHKLJJAIBJKKJABCCAJBJCHHJBIBHABJAABKLHJACAAIIAHKLJJBJIKLCALIAJHIKJAJCCCJKAC,Fractionated Morse
BRKLV0--P!L_EQB-_@?>F27*/O(5&MC3)XB0/*(B1C5A)D7WBZQKH,Grandpré
BLJHJKKKCBBBKACHKBCBLBLABCACKCCHLICLAIKCLLJALIIJLAJACLIJHBCCKIIIHCACKJCCAKKIBAJJJLJCKLAHJHKCAJCCCHKJBBBBBKJIAJJHJBKJBLBCALAKHAAKAJHAJKHIAIAKBCHLIBJJJBCKKJKIHABBCCBLBJC,Fractionated Morse
(*_VJ9HB)3-%@S+7-Y<@<79Q<JDW)DD6^^6)HOP=*Y=PK2XO)CW?HOB$^R*?XP&8TR7NA9,Grandpré
CACIAJHLIBKBLBIIHHCKALJACIAJJBCAKKBBAHIIKLBAJCHKCJLLBKIBCJCHLBBAIBKBHBICCBKKALHKLAKICKBBACJLCCAIIHLAHKBLHIAKCIIIAAIABBJHABLBCBCCKHBJALHCAJAAIKKBKIACLHAHICKHIBIIAKAKJBBHLBIC,Fractionated Morse
T<V?=&^T4TP(>PW0(-C25F6-+QT2%TAPU>T5F!J/$0^4R==3RL=!+$MU@-A<YJSWZQ&3^^!8<!V8D)V)OZ5X%D&IT,Grandpré
@M=BUM=LHMQ9BP1SB2#&^DQN2YSQ1X<N#HT4^Z$*/OX>OL>DWLH_7%MQESIVFATD>O$MNEO1O7^9O%QGZR57M,Grandpré
6G2GQ%PUUN*=/X7LT8(C#G_L+R0D&?ZN#)*$FY^_IWBADNGJ4N#SATDQ+&#OZ$A#-WCFJCI/L*K__F9ZF2?)M,Grandpré
BCJKLCJBHBIAHIHIKIKJLLIIKABHAKHHKHJLIILKLIIKLAIACCHJILHHKIBBBBLIBBKBAKBIJCICBJJBKBIALJCAHBLHHKHCABABACCACAHLLICCBLIBCJJJKBHAICIHLJCHBHILJHKKJAIBLCCIJAAKIJHLHJIIIACAKKKBBHHJKCHBIIBLJ,Fractionated Morse
W!U2J!5$@?94+(8)J*>>9@KB$DBL>P_ZD4G^6Q5J-)+!H--2(EJUZYJ3K_!?7(X<P9MT_#!-I,Grandpré
U/Y>-!&@WT@#UA4*M)H!RUQB*I6=^8$L1A<O_0!K??HP!-0#R*5YQ9?D5VT!LX,Grandpré
LHHHLIHKACJKCJBBHAABCJCCCCAIKJAAKLJCKKIALALIKBJBKKLBKAJCLICLAAAKHIHIBIJBJKHHHLAKCHJAJIAHKCKJHCAAKCJABHJKCABLICHJJBCJCCAIKLJCALAJKBHIBCIAKHAKLIBBLAHIKBCILJCHJBCCCCKKBLCCAHJJHCCCHJ,Fractionated Morse
CAKJIHJCAIALIBCICHAKLAAAJIBLBILIKCBJHBAHLCAAIIJLLBIBABBKHLCCBIBIHCAHJBHIAHIKHKLJJAICJBBAJKHCLLCLABCCKCCBCCBIABBLIKBHLAHAAAIIAKLBAILACBIKIAKLCKLHKLAACKJAHJCAIKBBILJIJKKKKIIBCHBHCLJKB,Fractionated Morse
JCAAKJLBJCAAHHKLHLLIAJCJLKKIBJLBJKCAJBBLIIJBBJJLAKJKAKALHHHABCLAIACKCLIHCHBJCLCBIHAAHKAICJIKCIJAHCJAJCHLHLHHABAKKABHLLIBKCAKKICBBIIBHHKAJ,Fractionated Morse
?QO2XH%Q<NO$A7X!E_-O3!X=$G0MQQXF?A<!9G_C&--AL/B$&89D!V7&-5>AZ)!/!<@V<)0&V_UTLWHM3U,Grandpré
AKAKABKLHHCBILJIHJKAKCCKKKAAAAAKBCAAKKBIKCLBHHBLHJIHJKHLAAABJBIHJABIJJJHJJCCLKLCKJHJABHBALKHACLKABALACCJICJKLBCJBAHLHJCALABHAIAKKBJLLLLAHACKJIIHCHAA,Fractionated Morse
HHMU>XLF>NOZGH4YEA%DY^BZFX7F=2_)1P%1IYT>VU!3=R5!N@*2/&_</&C8GTM6P/XBYNE7SBSX_8_)TQM,Grandpré
4EEDD@AU_6YP<%6&H?JJCY/@_GO/BY+G/BW9M0!SO)G_KLJ!US/7R-%*<H8DP3I=IQN0!X0=!%*MM,Grandpré
AIBLIKCAJAJAACBBCJKJAICHLCAJCKJJALHAHLJKKHKABBBCCCIJHKJHLKJABAAACAHALBICLKCCIABLALHLIICBKBBHCCKBHBBAJCKAAIJIAICJCKHCBIJCAKIKBJLAICLBJHBBIAHLIIAAJHIACCAJICCCCHKIHJICIBJIICABBKBBCBHKKLJAACKHIJACCJCLL,Fractionated Morse
)^XN)%=&&G>IOZ<_6)>20?N$567$BH%EO<KYJDT29-W!OV7@F=5W7*Z3UL4=HOH%XST2^B-67B!OH3%X>/7TEF,Grandpré
ACBHIIBBJABJAKJJACHJIICCAHJLJAAKIIBKJHIAAJKJCKBBBLIJLAJHABIHJAJBCJAHBBKJICCKABLBBBLJHJHAKIHHICJKKLIICCIHLJBIKAHKCAJHHBCBIILHICHIBABALLALIIJILCHCJJKHBIBCLAIBJBLHKKJAIIKAC,Fractionated Morse
/S-1R2=<>#VD/7O06U*M$N07I(W>/KJQV@%1>7Q_+GJM$(>W+N72DC/=T)BN(L)=63O0L>2&&4L<>>UJ5K$,Grandpré
IKBLBBBJCLIHKKLCHBIBJJCJICAHAHJKJAICCJCIAAAHKBKBBAAAAHACBBHLBCHJAHLKBJCCHAKIKBJIJIHIIABJJBKKLBBBIIICLLJKJKAIACJJLBIHBKILJAIBJLBKABABHJBLCABLCHLCKKHAKJCACCHIHLACBK,Fractionated Morse
ACJJJAJCBJCACJBBKHKCKHJJAHAIBJIHCABHKJJJCICLHIKLAJJCCICAIAAIHBAAKJLCALKCJBACCLCCCCAKIAKBHKJJALBBHCLCIIAAAKHHBKHCILIIHIJHKCKJBILCLJBHBHJLHHKBLKIBKAHKIABCLACCBAHLIHIHJCIKLLCIBHICBA,Fractionated Morse
KLIACAIBKJBHAHBKBLACACHHAAHBJKBAIKKCBCBIAKAAHIICKJJLCKKHIICBLBCKLIJBHKIBHKCLCIKICJBHBKJHJAHLAAHHBHCKBJHIBBHJJ,Fractionated Morse
BHHHHJBBABIJKIIJCBBAAIBJKAKBBBKCABJAKIKAKHACJKKHLILAABCLBLALAHLCKHILHCKHIBBABJKAKJJALBIAHIBCHAILIBLHHHBCKLIIKIHKCIJBCKJHABCABJLCBAIHCLHICJJJBBIHJ,Fractionated Morse
*T/(X/V!6F0V^BX^1)0J^<A6RB@K^%?^W@Y%>V3?)>9GAVG+1YJJS6D7F<SNDH(E-/I*2BCCLX0E/>,Grandpré
B!JHH2I^T-X*R/IJ83G272B#Z=DU)Z+X<9*B8N4KL84NA>B7K(*0V78>*X49+K/2XM,Grandpré
GUK0/GQ6=H$L9!L/#GN#U@?=&L*&Z6MY/RNCY7TVL_6L/<7&W>(Y*@GP$*U/P=<FI#+V)M#MXAMH^?ND@$<,Grandpré
*3^=G<$@CW^GCP6_4J#X!AOAOLE(_70@W<ZV(B=FA@R7<!AU>1GO<WI9>=U0+TFSHOGQ,Grandpré
PD?)_9N/WT767BOB_D8MKZD^V061JRF*6&)F925U<?IAKN%E&X(H8!6G90H0@KK2QS,Grandpré
KN?993/WD+OW4H!V*BESHRW<3!&A?DR>7NW2E6!!LQ%G$H!K&*W&!7AJG%K8T?^L-XNEO6QI*>R?/Y999E+7K(D,Grandpré
CKHIBCAAJJHACLJLAIKIIACIHAACALHHACAHLLALIABKHBCBCALBCJIBAKALAILIAAIBHACCCAJBCKCIHCBHHLIIKIJICHABCKJBJHKKCHJLACBCJIIJIBBJCHCAJBAHHIIAACCAIBAHBICBBAICJKLJIBABBJCIHAJLJKCAAKACCCBHJ,Fractionated Morse
91=31AUFS#I?DFK_6TNB3#G<HR?S/AD#R!UD+<JEHT?__%L#J*9$^=!)^Y9DV)?0GGVWG<M>H>DKRF@EZHC(H5TXX5A)@,Grandpré
Y8%A7)EX>/LF_K)7_6WP)RBMMK-#=J>G^2VT&(X*KG!BA)>&*G9>TK^_@J4LS7G-R7/FG?U1(J&6C,Grandpré
X<)*)ZV0JMVTX*M7OI!_>O2QT)6<LE81KA!<(8WL+N86CWN7_?%S>#15GQWJSK37KQ(ICMCIYB&USM,Grandpré
VX=/&ZPOIM#ATI)C_>1$3NSS$S-*K6BIY$%Y@&4VKE^5E64ZJ$<SN7-T0U%W-(EP_N!%HPXBZJ0#B%)NSV-<INIY12),Grandpré
ACKCHAICBIKJAKIAIKKABCBIKACAJHBAKCHCCCJILIHLCBAKJHJHIAJLACCBCHJIKAJBCCJJCCAICIIBKKCLAKHIBKAHKJKJAAHCAAIAJHCBKIJBCBCAJKABJCCIHBHHIIBLJJHIHLCHCICHIBAAKJCJ,Fractionated Morse
HHIJIICALKCAALIJALCBJBHILCLIKCLKIHHBKABCHJIBIBBHJHALJCAJJKKBJHHHKLHHKJIAJBJCAHJAJJCAAIBIHJKKHHIHHALABIICCLCHLLIKCAHHAICCKLCCKCKBIJJKKLLCACJKABBABCBJJCIICKBJIKCJJHKJIIIHHLCBAJAKHBIHLKHIJHAKCJ,Fractionated Morse
ABHCIIJHLBJJJAJBCABAAHBLJBAIAJCBHICIHBACJAIHICJABLHIHHAJAIAIKLIABBHCBJJIJCKAJCIBAJALAICKLCLALIABHJCIABJJHBJLIKHAHJJCBJJCKHBJJAAKIALAIJA,Fractionated Morse
!BMNTGU/P_J^HOPYOF2V0#FZ9%+K@2$ET*BY<?7S(1BPUAX</PY+RYBB_%_/W@8DGN7H2C3)W8>Q/!E/R$4H4$>75Y@6&,Grandpré
HIAHKCKJACBBLCBKJKIKBIBHBIKLKIKLCAJJAABLHAKICJIHBLKACLJAIAKLJIHHCHKBCJKJJKJBAKLICLHJCLKBLBJJKLCIJBJIBKAJHBHBCKBLALILILIIIHJBLIAK,Fractionated Morse
*NF-DFHF5KHRWB7NJNA^%7NYA>LGGZUM!H5*>@>?PJ%()SU4-4>IW@9)SU,Grandpré
HJ(/&_!&?S8X!@WT1!*BNB&OK$+@G_#*$B-@0&$TJJAZ2&N4(UNNMARBLY*,Grandpré
NYB4<EV1HAG42G0KG4BM<)W-^7>?^!PM/)X27K%4/_*RND30_/_OAL_NDYP<M!OO&@3&5<X&2NLG&R$,Grandpré
HJBAJCJAHCJKCCICIICIAJCIKACHIBHBLCILBCCCJKLCIHHJKHIIJLHAKLIJKBCAIIJBLACCKJIKBCLCLJCAKHCLHHCIIHBAABCBJKBHAKBAKACCKIAIBKACAJHBAJABHBHIICLBHHCJCCBHJ,Fractionated Morse
%0SGT8&6&X4P!L-JQY%6@QCPQ@E(17CJM8>K&2998(5RVH#38TXNLZ6?Q0DAO2O)D8W>Q$NN2N5&1WN*@JZ5I_N_&<V<,Grandpré
(I79KD+$VH0(8S18&VBGUT(M6X>61GJ=HOSJN-D45+3&%FAC_7S3FH,Grandpré
_*7>)X@-#GX5D2W0)B-0_%XRHBAQA&<^@1LYF_RXBTP??KVH^66!KF<QT2J37UH)2F)DM>$R()<6D3LY!Q7FWR!,Grandpré
JZ<-F3O)HK4OU+@C5W*W3LIT4^(EU!LH-5RJPG5W&A8H%9EUBUZ>K3^<#E3WC4A#FN=^,Grandpré
X/08##G#X4=7-Y^WLH50*E1/N9&E/_K0?)LB^OW3HP3=!2$^UV(YHV0OH!*06)B&NY,Grandpré
-_LVB#<<3N2%8903WX>&P(IPWYHJ(C@K+0$93W_NG$6/GWJ!*DBTT!(0Q#-0DDWB06B_QO,Grandpré
0%%UZK2SKH-67M+MUP=Q^#D3@P>IQ<ON1E3M6W#VBX)#I^E!KH65>@V$0O,Grandpré
JLJCBKCIBJLLHHCJCBAILBAAJBBJCHKCKJKIHIIJLKHBJHIKJAKHKKLBAKBABABJHKJAHHIJCCABILBBBIBAJBILHBBABAHAHBCKKBHJBIKHAILHAAHBLLAICJBILBBAICCHKKHBJLJJJCHCHJKAJCLHLIICAKABKBCBHACLHALLAAJLHCLCKCICHHJABIKHKCHJLHKA,Fractionated Morse
ACCBHJLHCBCLILJACIAHAJBJAIIAACLBAIIJCJJHHAACBIBBHIJBHHALHCBBACAAJABHBLKLIKKBABIICCJCCJLBCKCABCICJKHBJLIBIJJCJCIAAKHKBBBIHKCCIBJIJHKBHHJJHJCKHIBA,Fractionated Morse
8RFUH)AR>WFCH_ZL3Y$B>>&T%9P<W>M8/L$OA*U@HT)Y=)HX<J(AGI8?W^(^&K#N*CKL+_7*H^%IY$&<#H0)6DM8B6D<6@D4-,Grandpré
^9B0IP%@<7T#N89&+KQ#>8<-GJ5$V9G6MD-ZN+#%H/%V^YT1*8^KRL=T#0)U!AE_RO=QG-JE78Q(9-N60P2HH*5S9?)0SV,Grandpré
>ZY>XUNHEW0^>OKMU8)>+JD!MFD#FC1M$=Y2<JZ8AZ4DB@*FUJWD^<RDGM^>7&DVH%!-U^+),Grandpré
CAKCJICCLBAICIIHKIHIABKJCIIHIBAJKKLALHHJIKHCLAJHCBJACCLAKBHHBIHKCAAJLIALBBLAKLBBCCHILCICIIJAJCAIKICBKAALAHJKAHCBIJJJKHLCJAAIACKIJHLIACHAKLHBALKLBHKCHLJAJ,Fractionated Morse
BCHBJJCCIAKKBBBIJBCABAJCAJHCBIIHHCJJCKKJBKAIJACKIHHIJCBJHLJLBBKBKJHAHLJIKCLACCIAJACKIIJAJCAHIJAIBHCHAJAIBBCBLIJJIAAKHBBHHHIBBIBHCHHJHAHHKHHIHLBBKAALBAJBAKIBCCBABBKKBBACJIBBAIKCIBABHLBIKLJAABBCLKAJJACCIA,Fractionated Morse
KLIJCJCIKJBBIJAIICJJAIHBLJBBIALCLBCCIJKKALAIKCKBCLHHBJAHHCJAJKICCAILAHLIAACKBACHACCHCABIACJJABJBICKJBKBAAIAICHBBHCAACJKJLBKIJHHBHJCKHHKBBHJCJJHHJHJBIAIBKCCJBAILBJHBJAJJCIBKLHBBIIHBILJBACHHJJKCJAKJC,Fractionated Morse
6YGD=$PM<&F!OUK&)=DFINFGHGB!(+HJIQA^A@H1K>F^BK8HRK0_9X@*2/O/,Grandpré
!9^%!@SKU&HN)A#&A&EA<_?-$94_WG&XY@#2%O4^G&KQ<#E11I!R1QQXDCTD7L5P!%6O9KV7I9E2VI+@O+3X*K>M!K,Grandpré
KJKJAJLACJIIBHLHCHHCIIHHHHABKICIHAKKBBJAHJJAJIHJCJJKICCAKAJCBIJJBHIHCBBBCBACAACBBIJJAJAKKCIBIACBBKKCJLIKHALJBAHIBBCLBAAKJIICBLBLJCAICKKKALABAKIACBHBIICCJBKJLIICCLIJBBKLIHBCBJKAABKAJKACAJAAKJJBBAAA,Fractionated Morse
C4ZYT)$R9+KQ=%!QW+_Q0W<WS0>#+2-+&5XE69/!^IH9B>OFKD<9T#A/ID*K^Q1!>)7Z?!))+KM,Grandpré
!8AFRJS*2GX_!29+R=!SN)<$*3+5///ISD@C!_M*?<_2<@+CP=KIDNP!80658JJ/,Grandpré
A6O_#*1710G(P#<YT3>!X4=#=SR6M58P4?>Z0O^#<EX62(L1!S#=ZLRW?I<E&HX#R)UJQUY5#RGB-$(1T=3G<4Q,Grandpré
HIJBICLAJHCBJKCHAIHBKAKJJJILIIKCJIIIBLBHHBKAICLBCIAKBCIHBBLALBACIBCIHBIIKCLJKJBJIIKLHLBLHABCHCIKIKCHCCJCHHIKCKKAJIKLJKLAIBAKBHLJJLBJJJLCLCKIIIHBKAJHCCCCBKAHHJALJK,Fractionated Morse
